time_utc,power_net_afrr_mw,power_net_igcc_mw,power_net_mfrrda_mw,power_net_picasso_mw,power_net_total_mw
23:00:00,-181,0.0,0,-179.0,-360.0
23:01:00,-326,0.0,0,-171.6,-497.6
23:02:00,-454,0.0,0,-179.0,-633.0
23:03:00,-541,0.0,0,-179.0,-720.0
23:04:00,-586,0.0,0,-179.0,-765.0
23:05:00,-605,0.0,0,-179.0,-784.0
23:06:00,-592,0.0,0,-179.0,-771.0
23:07:00,-567,0.0,0,-179.0,-746.0
23:08:00,-527,0.0,0,-179.0,-706.0
23:09:00,-460,0.0,0,-179.0,-639.0
23:10:00,-389,0.0,0,-139.8,-528.8
23:11:00,-303,0.0,0,-75.3,-378.3
23:12:00,-235,0.0,0,-96.0,-331.0
23:13:00,-186,0.0,0,-61.2,-247.2
23:14:00,-156,0.0,0,-21.3,-177.3
23:15:00,-142,7.2,0,-235.1,-369.9
23:16:00,-85,0.1,0,-325.4,-410.3
23:17:00,-55,1.8,0,-224.1,-277.3
23:18:00,-31,7.0,0,-295.3,-319.3
23:19:00,-5,5.5,0,-418.6,-418.1
23:20:00,26,5.0,0,-382.3,-351.3
23:21:00,37,0.8,0,-429.1,-391.3
23:22:00,54,2.5,0,-355.6,-299.1
23:23:00,52,0.0,0,-353.4,-301.4
23:24:00,42,-0.4,0,-375.6,-334.0
23:25:00,26,-3.6,0,-390.5,-368.1
23:26:00,16,-1.9,0,-375.8,-361.7
23:27:00,4,0.0,0,-428.2,-424.2
23:28:00,-7,2.0,0,-413.3,-418.3
23:29:00,-8,0.0,0,-428.2,-436.2
23:30:00,-4,11.0,0,-532.6,-525.6
23:31:00,20,7.4,0,-543.7,-516.3
23:32:00,52,1.0,0,-417.9,-364.9
23:33:00,55,0.2,0,-338.5,-283.3
23:34:00,46,0.0,0,-465.0,-419.0
23:35:00,35,0.0,0,-409.1,-374.1
23:36:00,20,0.0,0,-402.0,-382.0
23:37:00,11,-1.1,0,-389.9,-380.0
23:38:00,2,-4.1,0,-369.4,-371.5
23:39:00,-11,-7.0,0,-316.1,-334.1
23:40:00,-21,-4.1,0,-296.7,-321.8
23:41:00,-55,-26.2,0,-294.9,-376.1
23:42:00,-65,-28.8,0,-188.6,-282.4
23:43:00,-91,-27.4,0,-272.0,-390.4
23:44:00,-104,-36.5,0,-193.3,-333.8
23:45:00,-110,-73.2,0,-140.4,-323.6
23:46:00,-69,0.0,0,-218.4,-287.4
23:47:00,-57,0.0,0,-269.3,-326.3
23:48:00,-35,0.0,0,-101.0,-136.0
23:49:00,-23,-31.5,0,-183.6,-238.1
23:50:00,-13,0.0,0,-175.0,-188.0
23:51:00,-4,0.0,0,-210.9,-214.9
23:52:00,0,4.7,0,-179.9,-175.2
23:53:00,0,0.0,0,-294.3,-294.3
23:54:00,0,2.1,0,-232.8,-230.7
23:55:00,0,1.8,0,-213.9,-212.1
23:56:00,5,9.5,0,-248.4,-233.9
23:57:00,46,13.4,0,-158.4,-99.0
23:58:00,69,19.0,0,-250.3,-162.3
23:59:00,89,23.8,0,-613.8,-501.0
00:00:00,111,6.4,0,-379.0,-261.6
00:01:00,102,0.0,0,-574.7,-472.7
00:02:00,153,7.7,0,-534.3,-373.6
00:03:00,184,21.6,0,-610.7,-405.1
00:04:00,220,24.9,0,-667.3,-422.4
00:05:00,258,12.6,0,-728.6,-458.0
00:06:00,293,16.3,0,-778.8,-469.5
00:07:00,306,26.7,0,-620.5,-287.8
00:08:00,276,12.7,0,-603.3,-314.6
00:09:00,254,15.8,0,-589.0,-319.2
00:10:00,231,6.5,0,-397.0,-159.5
00:11:00,179,5.5,0,-340.2,-155.7
00:12:00,144,9.3,0,-348.3,-195.0
00:13:00,116,9.2,0,-309.6,-184.4
00:14:00,91,1.5,0,-197.8,-105.3
00:15:00,65,1.3,0,-248.0,-181.7
00:16:00,54,3.2,0,-220.0,-162.8
00:17:00,45,7.4,0,-169.1,-116.7
00:18:00,32,6.0,0,-116.4,-78.4
00:19:00,69,13.9,0,-188.2,-105.3
00:20:00,74,13.7,0,-97.2,-9.5
00:21:00,57,1.0,0,-25.0,33.0
00:22:00,34,7.4,0,-122.8,-81.4
00:23:00,28,3.0,0,-154.2,-123.2
00:24:00,49,18.1,0,-204.1,-137.0
00:25:00,62,33.8,0,-296.8,-201.0
00:26:00,82,26.8,0,-219.8,-111.0
00:27:00,102,23.7,0,-276.8,-151.1
00:28:00,153,20.2,0,-274.1,-100.9
00:29:00,173,12.6,0,-155.7,29.9
00:30:00,138,15.3,0,-307.4,-154.1
00:31:00,190,7.8,0,-319.6,-121.8
00:32:00,231,3.2,0,-378.2,-144.0
00:33:00,277,2.8,0,-331.0,-51.2
00:34:00,311,2.5,0,-365.6,-52.1
00:35:00,309,7.3,0,-354.6,-38.3
00:36:00,292,8.3,0,-334.4,-34.1
00:37:00,279,2.3,0,-321.3,-40.0
00:38:00,280,7.3,0,-453.5,-166.2
00:39:00,271,15.5,0,-458.2,-171.7
00:40:00,270,18.6,0,-367.2,-78.6
00:41:00,250,13.7,0,-324.1,-60.4
00:42:00,213,10.5,0,-248.1,-24.6
00:43:00,172,13.5,0,-221.1,-35.6
00:44:00,151,3.2,0,-215.6,-61.4
00:45:00,135,0.0,0,-284.7,-149.7
00:46:00,187,0.0,0,-279.0,-92.0
00:47:00,204,2.4,0,-301.3,-94.9
00:48:00,229,0.0,0,-369.5,-140.5
00:49:00,241,0.0,0,-239.0,2.0
00:50:00,232,0.0,0,-248.5,-16.5
00:51:00,235,0.0,0,-265.5,-30.5
00:52:00,251,0.0,0,-281.5,-30.5
00:53:00,267,0.0,0,-228.3,38.7
00:54:00,272,0.0,0,-385.4,-113.4
00:55:00,305,8.5,0,-419.1,-105.6
00:56:00,331,0.0,0,-365.2,-34.2
00:57:00,315,32.7,0,-203.5,144.2
00:58:00,273,12.3,0,-88.9,196.4
00:59:00,194,10.2,0,-101.7,102.5
01:00:00,143,0.0,0,-1.0,142.0
01:01:00,92,0.0,0,48.1,140.1
01:02:00,44,0.0,0,97.8,141.8
01:03:00,50,0.0,0,-10.4,39.6
01:04:00,99,12.6,0,-107.4,4.2
01:05:00,138,4.6,0,47.0,189.6
01:06:00,129,6.7,0,162.7,298.4
01:07:00,103,0.0,0,202.8,305.8
01:08:00,86,0.0,0,234.5,320.5
01:09:00,67,0.0,0,192.3,259.3
01:10:00,48,0.0,0,221.4,269.4
01:11:00,37,0.0,0,252.0,289.0
01:12:00,24,0.0,0,200.2,224.2
01:13:00,18,-25.8,0,339.0,331.2
01:14:00,9,-4.0,0,279.9,284.9
01:15:00,2,0.0,0,247.6,249.6
01:16:00,0,3.0,0,238.4,241.4
01:17:00,1,4.0,0,267.3,272.3
01:18:00,2,1.6,0,261.9,265.5
01:19:00,3,3.2,0,350.0,356.2
01:20:00,4,0.4,0,253.9,258.3
01:21:00,9,0.9,0,263.0,272.9
01:22:00,7,2.3,0,198.2,207.5
01:23:00,8,2.4,0,206.3,216.7
01:24:00,7,2.9,0,194.1,204.0
01:25:00,6,2.5,0,130.9,139.4
01:26:00,4,5.0,0,89.1,98.1
01:27:00,3,8.0,0,48.1,59.1
01:28:00,1,5.9,0,20.0,26.9
01:29:00,0,5.4,0,62.9,68.3
01:30:00,0,2.3,0,62.1,64.4
01:31:00,1,19.5,0,12.6,33.1
01:32:00,8,0.0,0,17.8,25.8
01:33:00,20,10.6,0,48.9,79.5
01:34:00,32,7.8,0,62.7,102.5
01:35:00,40,6.4,0,60.6,107.0
01:36:00,37,10.1,0,36.5,83.6
01:37:00,31,3.1,0,69.2,103.3
01:38:00,22,1.8,0,97.0,120.8
01:39:00,15,-30.0,0,94.7,79.7
01:40:00,9,-25.7,0,26.5,9.8
01:41:00,3,12.4,0,9.3,24.7
01:42:00,2,-30.1,0,48.9,20.8
01:43:00,0,-38.0,0,56.1,18.1
01:44:00,-5,-14.8,0,15.7,-4.1
01:45:00,0,-1.8,0,28.4,26.6
01:46:00,0,-8.0,0,144.3,136.3
01:47:00,0,-2.1,0,112.1,110.0
01:48:00,0,-3.9,0,158.0,154.1
01:49:00,0,-2.2,0,187.3,185.1
01:50:00,-1,-0.8,0,138.0,136.2
01:51:00,0,-1.9,0,229.6,227.7
01:52:00,0,-8.0,0,200.5,192.5
01:53:00,-8,-4.5,0,221.8,209.3
01:54:00,-13,-6.7,0,190.6,170.9
01:55:00,-16,-8.0,0,15.6,-8.4
01:56:00,-16,-6.3,0,-8.8,-31.1
01:57:00,-16,-0.9,0,119.1,102.2
01:58:00,-25,-8.4,0,104.5,71.1
01:59:00,-38,-7.4,0,115.6,70.2
02:00:00,-49,-4.5,0,206.3,152.8
02:01:00,-61,-7.5,0,117.7,49.2
02:02:00,-66,-7.2,0,169.2,96.0
02:03:00,-72,-6.8,0,85.6,6.8
02:04:00,-72,-14.2,0,65.6,-20.6
02:05:00,-71,-15.8,0,136.1,49.3
02:06:00,-66,-7.7,0,62.4,-11.3
02:07:00,-51,-2.6,0,95.4,41.8
02:08:00,-33,-13.5,0,76.9,30.4
02:09:00,-21,-7.5,0,124.6,96.1
02:10:00,-10,-11.4,0,115.7,94.3
02:11:00,-2,-16.7,0,86.4,67.7
02:12:00,-1,-17.3,0,159.8,141.5
02:13:00,-12,-15.2,0,72.1,44.9
02:14:00,-15,-14.1,0,182.0,152.9
02:15:00,-24,-12.2,0,229.7,193.5
02:16:00,-42,-15.7,0,167.0,109.3
02:17:00,-62,-16.1,0,104.9,26.8
02:18:00,-90,-19.0,0,62.9,-46.1
02:19:00,-94,-11.0,0,83.1,-21.9
02:20:00,-110,-14.1,0,3.7,-120.4
02:21:00,-108,-13.9,0,44.0,-77.9
02:22:00,-109,-16.8,0,35.5,-90.3
02:23:00,-111,-14.3,0,56.2,-69.1
02:24:00,-114,-26.0,0,58.2,-81.8
02:25:00,-113,-27.0,0,41.6,-98.4
02:26:00,-118,-27.0,0,113.6,-31.4
02:27:00,-128,-29.9,0,121.7,-36.2
02:28:00,-141,-55.5,0,9.4,-187.1
02:29:00,-141,-57.0,0,47.2,-150.8
02:30:00,-138,-29.4,0,-129.5,-296.9
02:31:00,-114,-35.8,0,-183.4,-333.2
02:32:00,-86,-35.6,0,-211.5,-333.1
02:33:00,-58,-4.0,0,-269.9,-331.9
02:34:00,-29,-4.9,0,-346.0,-379.9
02:35:00,-7,-6.9,0,-342.9,-356.8
02:36:00,-1,-28.8,0,-279.8,-309.6
02:37:00,-18,-65.8,0,-219.2,-303.0
02:38:00,-40,-56.9,0,-231.9,-328.8
02:39:00,-52,-50.0,0,-279.8,-381.8
02:40:00,-56,-47.0,0,-272.1,-375.1
02:41:00,-65,-48.9,0,-293.2,-407.1
02:42:00,-64,-32.9,0,-279.1,-376.0
02:43:00,-68,-9.7,0,-243.2,-320.9
02:44:00,-86,-5.6,0,-252.4,-344.0
02:45:00,-95,-8.6,0,-342.9,-446.5
02:46:00,-95,-10.5,0,-329.9,-435.4
02:47:00,-98,-11.7,0,-347.5,-457.2
02:48:00,-106,-14.1,0,-381.2,-501.3
02:49:00,-116,-9.3,0,-343.1,-468.4
02:50:00,-119,-7.5,0,-417.4,-543.9
02:51:00,-113,-11.1,0,-486.3,-610.4
02:52:00,-108,-5.6,0,-545.0,-658.6
02:53:00,-101,-4.6,0,-576.0,-681.6
02:54:00,-91,-7.0,0,-572.2,-670.2
02:55:00,-78,0.0,0,-589.9,-667.9
02:56:00,-66,0.0,0,-589.9,-655.9
02:57:00,-76,-0.8,0,-582.3,-659.1
02:58:00,-93,0.0,0,-589.9,-682.9
02:59:00,-120,0.0,0,-589.9,-709.9
03:00:00,-160,-0.8,0,-507.3,-668.1
03:01:00,-191,0.0,0,-651.0,-842.0
03:02:00,-199,0.0,0,-651.0,-850.0
03:03:00,-203,-4.7,0,-651.0,-858.7
03:04:00,-218,0.0,0,-651.0,-869.0
03:05:00,-216,0.0,0,-651.0,-867.0
03:06:00,-210,0.0,0,-651.0,-861.0
03:07:00,-207,0.0,0,-651.0,-858.0
03:08:00,-206,0.0,0,-651.0,-857.0
03:09:00,-206,0.0,0,-651.0,-857.0
03:10:00,-205,0.0,0,-651.0,-856.0
03:11:00,-200,0.0,0,-651.0,-851.0
03:12:00,-196,0.0,0,-651.0,-847.0
03:13:00,-195,0.0,0,-651.0,-846.0
03:14:00,-201,0.0,0,-651.0,-852.0
03:15:00,-211,-7.4,0,-636.6,-855.0
03:16:00,-235,0.0,0,-644.0,-879.0
03:17:00,-261,-8.8,0,-635.2,-905.0
03:18:00,-287,0.0,0,-644.0,-931.0
03:19:00,-293,-13.4,0,-630.6,-937.0
03:20:00,-294,-28.1,0,-607.8,-929.9
03:21:00,-287,-28.6,0,-588.6,-904.2
03:22:00,-282,-33.2,0,-581.1,-896.3
03:23:00,-274,-38.2,0,-504.2,-816.4
03:24:00,-270,0.0,0,-644.0,-914.0
03:25:00,-261,0.0,0,-644.0,-905.0
03:26:00,-257,0.0,0,-644.0,-901.0
03:27:00,-251,0.0,0,-644.0,-895.0
03:28:00,-247,0.0,0,-644.0,-891.0
03:29:00,-236,0.0,0,-644.0,-880.0
03:30:00,-230,-41.9,0,-414.8,-686.7
03:31:00,-232,-77.6,0,-431.7,-741.3
03:32:00,-211,-25.6,0,-657.4,-894.0
03:33:00,-165,-16.2,0,-614.7,-795.9
03:34:00,-111,-24.7,0,-547.4,-683.1
03:35:00,-77,-20.8,0,-577.6,-675.4
03:36:00,-33,-23.2,0,-604.3,-660.5
03:37:00,-9,2.6,0,-586.1,-592.5
03:38:00,0,-30.0,0,-502.1,-532.1
03:39:00,0,1.6,0,-524.6,-523.0
03:40:00,0,-16.8,0,-390.3,-407.1
03:41:00,-3,-24.0,0,-428.2,-455.2
03:42:00,1,7.5,0,-327.0,-318.5
03:43:00,0,-10.2,0,-212.7,-222.9
03:44:00,0,6.1,0,-282.3,-276.2
03:45:00,0,-29.2,0,-187.9,-217.1
03:46:00,0,0.0,0,-93.4,-93.4
03:47:00,0,4.2,0,-67.0,-62.8
03:48:00,0,17.5,0,-171.5,-154.0
03:49:00,0,-5.3,0,-57.0,-62.3
03:50:00,0,0.0,0,-8.7,-8.7
03:51:00,0,34.0,0,-3.1,30.9
03:52:00,0,-8.3,0,22.5,14.2
03:53:00,0,30.2,0,-14.3,15.9
03:54:00,0,8.6,0,-4.7,3.9
03:55:00,0,16.5,0,-50.0,-33.5
03:56:00,0,-25.8,0,-8.3,-34.1
03:57:00,0,-9.0,0,121.8,112.8
03:58:00,-7,-29.6,0,133.2,96.6
03:59:00,-17,-23.1,0,165.3,125.2
04:00:00,-29,-22.6,0,114.2,62.6
04:01:00,-41,-37.2,0,76.7,-1.5
04:02:00,-45,-46.3,0,95.3,4.0
04:03:00,-58,-59.8,0,188.8,71.0
04:04:00,-80,-69.0,0,262.7,113.7
04:05:00,-114,-85.3,0,285.2,85.9
04:06:00,-142,-87.2,0,250.6,21.4
04:07:00,-156,-90.0,0,186.3,-59.7
04:08:00,-160,-106.0,0,275.2,9.2
04:09:00,-162,-94.6,0,201.4,-55.2
04:10:00,-160,-96.7,0,302.2,45.5
04:11:00,-157,-65.9,0,232.0,9.1
04:12:00,-150,-55.2,0,276.4,71.2
04:13:00,-150,-30.9,0,226.1,45.2
04:14:00,-174,-34.3,0,363.4,155.1
04:15:00,-207,-14.4,0,485.9,264.5
04:16:00,-250,-3.6,0,489.1,235.5
04:17:00,-293,-6.3,0,404.3,105.0
04:18:00,-322,-25.3,0,262.7,-84.6
04:19:00,-288,-15.2,0,278.4,-24.8
04:20:00,-253,-18.8,0,239.1,-32.7
04:21:00,-210,-15.2,0,302.5,77.3
04:22:00,-153,-1.1,0,293.2,139.1
04:23:00,-113,-1.7,0,259.5,144.8
04:24:00,-94,-1.5,0,192.3,96.8
04:25:00,-69,0.0,0,195.2,126.2
04:26:00,-49,-1.7,0,228.0,177.3
04:27:00,-35,12.0,0,133.6,110.6
04:28:00,-20,0.0,0,72.0,52.0
04:29:00,-6,12.0,0,112.4,118.4
04:30:00,-1,-0.1,0,181.6,180.5
04:31:00,-27,0.0,0,194.2,167.2
04:32:00,-63,-0.4,0,212.8,149.4
04:33:00,-94,0.0,0,121.6,27.6
04:34:00,-117,-1.6,0,-9.2,-127.8
04:35:00,-120,-2.2,0,-21.6,-143.8
04:36:00,-102,-1.9,0,-60.1,-164.0
04:37:00,-82,-3.6,0,-60.3,-145.9
04:38:00,-68,-3.7,0,-50.5,-122.2
04:39:00,-52,0.0,0,-88.1,-140.1
04:40:00,-34,5.8,0,-125.5,-153.7
04:41:00,-20,0.4,0,-144.7,-164.3
04:42:00,-5,0.0,0,-204.7,-209.7
04:43:00,4,0.9,0,-184.1,-179.2
04:44:00,14,0.0,0,-152.5,-138.5
04:45:00,26,48.0,0,-267.0,-193.0
04:46:00,28,53.2,0,-203.7,-122.5
04:47:00,31,42.5,0,-268.6,-195.1
04:48:00,46,83.6,0,-317.0,-187.4
04:49:00,49,94.9,0,-317.0,-173.1
04:50:00,57,89.1,0,-317.0,-170.9
04:51:00,79,37.6,0,-317.0,-200.4
04:52:00,100,40.3,0,-297.7,-157.4
04:53:00,111,73.4,0,-310.8,-126.4
04:54:00,129,41.3,0,-319.2,-148.9
04:55:00,141,61.0,0,-317.0,-115.0
04:56:00,137,15.7,0,-223.0,-70.3
04:57:00,110,12.3,0,-212.6,-90.3
04:58:00,79,-1.6,0,-91.3,-13.9
04:59:00,36,-6.2,0,-118.0,-88.2
05:00:00,-20,-6.0,0,-13.7,-39.7
05:01:00,-85,-8.8,0,-24.4,-118.2
05:02:00,-114,-0.2,0,94.5,-19.7
05:03:00,-149,-0.3,0,76.1,-73.2
05:04:00,-160,-2.0,0,53.0,-109.0
05:05:00,-148,-5.4,0,95.8,-57.6
05:06:00,-122,-12.0,0,179.0,45.0
05:07:00,-100,-17.7,0,194.0,76.3
05:08:00,-71,6.9,0,148.3,84.2
05:09:00,-43,1.8,0,141.7,100.5
05:10:00,-20,5.8,0,92.4,78.2
05:11:00,7,7.7,0,93.1,107.8
05:12:00,36,10.1,0,27.9,74.0
05:13:00,71,16.3,0,75.7,163.0
05:14:00,67,11.1,0,-105.0,-26.9
05:15:00,75,11.5,0,85.0,171.5
05:16:00,63,21.0,0,84.6,168.6
05:17:00,48,9.8,0,78.8,136.6
05:18:00,29,7.2,0,171.3,207.5
05:19:00,14,14.0,0,232.1,260.1
05:20:00,4,13.7,0,183.9,201.6
05:21:00,3,61.8,0,154.7,219.5
05:22:00,1,49.5,0,121.6,172.1
05:23:00,15,39.0,0,80.4,134.4
05:24:00,24,44.4,0,164.4,232.8
05:25:00,41,53.0,0,94.0,188.0
05:26:00,47,60.0,0,45.5,152.5
05:27:00,97,69.2,0,-112.1,54.1
05:28:00,140,57.0,0,-179.9,17.1
05:29:00,140,42.6,0,-67.5,115.1
05:30:00,128,98.5,0,14.8,241.3
05:31:00,72,79.6,0,-27.2,124.4
05:32:00,66,53.4,0,-101.3,18.1
05:33:00,66,75.1,0,31.5,172.6
05:34:00,57,15.0,0,37.4,109.4
05:35:00,47,15.0,0,128.5,190.5
05:36:00,38,41.4,0,-42.1,37.3
05:37:00,58,67.4,0,-241.6,-116.2
05:38:00,117,70.8,0,-278.7,-90.9
05:39:00,129,44.3,0,-95.1,78.2
05:40:00,120,37.3,0,-34.5,122.8
05:41:00,115,40.4,0,-160.3,-4.9
05:42:00,103,49.3,0,-194.4,-42.1
05:43:00,99,67.5,0,-311.8,-145.3
05:44:00,102,80.3,0,-446.6,-264.3
05:45:00,101,111.4,0,-390.7,-178.3
05:46:00,118,77.6,0,-426.7,-231.1
05:47:00,128,33.7,0,-271.5,-109.8
05:48:00,134,58.6,0,-328.4,-135.8
05:49:00,150,78.1,0,-329.3,-101.2
05:50:00,147,79.9,0,-279.2,-52.3
05:51:00,145,56.3,0,-354.7,-153.4
05:52:00,157,49.6,0,-343.5,-136.9
05:53:00,164,65.4,0,-329.3,-99.9
05:54:00,175,98.2,0,-267.0,6.2
05:55:00,180,53.3,0,-282.0,-48.7
05:56:00,184,89.9,0,-262.9,11.0
05:57:00,168,94.3,0,-250.1,12.2
05:58:00,122,39.0,0,-187.8,-26.8
05:59:00,87,-22.5,0,-127.3,-62.8
06:00:00,58,0.0,0,-117.6,-59.6
06:01:00,31,0.0,0,-131.5,-100.5
06:02:00,10,0.0,0,-106.5,-96.5
06:03:00,0,0.0,0,-99.2,-99.2
06:04:00,0,0.0,0,-28.2,-28.2
06:05:00,0,0.0,0,14.8,14.8
06:06:00,0,0.0,0,162.2,162.2
06:07:00,0,0.0,0,207.2,207.2
06:08:00,0,0.0,0,230.3,230.3
06:09:00,2,43.4,0,217.0,262.4
06:10:00,14,29.1,0,307.3,350.4
06:11:00,39,22.6,0,191.0,252.6
06:12:00,78,17.9,0,256.6,352.5
06:13:00,103,33.8,0,240.9,377.7
06:14:00,140,43.9,0,224.9,408.8
06:15:00,134,0.0,0,348.8,482.8
06:16:00,104,0.0,0,335.3,439.3
06:17:00,71,0.0,0,377.1,448.1
06:18:00,40,0.0,0,322.1,362.1
06:19:00,15,0.0,0,409.2,424.2
06:20:00,2,0.0,0,342.6,344.6
06:21:00,0,0.0,0,411.1,411.1
06:22:00,0,0.0,0,359.7,359.7
06:23:00,0,0.0,0,432.4,432.4
06:24:00,0,0.0,0,385.9,385.9
06:25:00,0,0.0,0,395.2,395.2
06:26:00,0,0.0,0,405.0,405.0
06:27:00,0,0.0,0,431.5,431.5
06:28:00,0,0.0,0,325.5,325.5
06:29:00,0,0.0,0,200.1,200.1
06:30:00,18,74.2,0,-102.6,-10.4
06:31:00,89,76.6,0,-173.0,-7.4
06:32:00,141,50.0,0,-149.3,41.7
06:33:00,189,61.1,0,-167.9,82.2
06:34:00,234,56.0,0,-273.4,16.6
06:35:00,264,44.3,0,-319.4,-11.1
06:36:00,288,29.1,0,-297.7,19.4
06:37:00,314,36.4,0,-272.4,78.0
06:38:00,325,51.0,0,-175.4,200.6
06:39:00,316,31.8,0,-264.4,83.4
06:40:00,320,35.4,0,-184.7,170.7
06:41:00,330,35.1,0,-343.7,21.4
06:42:00,350,28.7,0,-396.5,-17.8
06:43:00,359,34.4,0,-380.5,12.9
06:44:00,371,32.5,0,-467.0,-63.5
06:45:00,374,35.3,0,-379.6,29.7
06:46:00,357,40.8,0,-384.8,13.0
06:47:00,353,28.7,0,-423.9,-42.2
06:48:00,342,44.3,0,-621.0,-234.7
06:49:00,335,54.7,0,-554.3,-164.6
06:50:00,331,33.2,0,-627.4,-263.2
06:51:00,325,40.7,0,-570.8,-205.1
06:52:00,323,50.5,0,-579.9,-206.4
06:53:00,316,36.3,0,-588.8,-236.5
06:54:00,316,33.5,0,-472.3,-122.8
06:55:00,313,32.5,0,-528.3,-182.8
06:56:00,305,18.9,0,-600.2,-276.3
06:57:00,307,14.7,0,-568.2,-246.5
06:58:00,304,27.7,0,-597.5,-265.8
06:59:00,300,35.3,0,-570.7,-235.4
07:00:00,280,136.2,0,-574.0,-157.8
07:01:00,214,52.0,0,-413.4,-147.4
07:02:00,150,11.0,0,-450.9,-289.9
07:03:00,96,16.1,0,-439.8,-327.7
07:04:00,48,-2.3,0,-558.8,-513.1
07:05:00,11,2.7,0,-587.3,-573.6
07:06:00,1,2.7,0,-493.9,-490.2
07:07:00,0,0.8,0,-410.4,-409.6
07:08:00,0,0.8,0,-314.8,-314.0
07:09:00,0,0.3,0,-309.1,-308.8
07:10:00,5,0.0,0,-318.6,-313.6
07:11:00,11,1.5,0,-330.8,-318.3
07:12:00,18,0.7,0,-516.5,-497.8
07:13:00,75,1.5,0,-509.1,-432.6
07:14:00,121,0.0,0,-615.0,-494.0
07:15:00,150,0.0,0,-572.8,-422.8
07:16:00,149,25.6,0,-506.3,-331.7
07:17:00,138,8.8,0,-554.3,-407.5
07:18:00,107,12.6,0,-653.4,-533.8
07:19:00,85,24.3,0,-734.2,-624.9
07:20:00,77,8.8,0,-625.9,-540.1
07:21:00,75,10.7,0,-642.6,-556.9
07:22:00,73,12.1,0,-669.9,-584.8
07:23:00,72,9.5,0,-619.6,-538.1
07:24:00,72,13.4,0,-710.5,-625.1
07:25:00,72,8.6,0,-512.5,-431.9
07:26:00,74,29.6,0,-518.0,-414.4
07:27:00,73,30.8,0,-488.1,-384.3
07:28:00,75,9.2,0,-589.9,-505.7
07:29:00,76,10.6,0,-612.1,-525.5
07:30:00,106,9.9,0,-546.3,-430.4
07:31:00,101,35.8,0,-582.7,-445.9
07:32:00,101,22.2,0,-637.7,-514.5
07:33:00,101,22.0,0,-778.3,-655.3
07:34:00,117,10.2,0,-728.7,-601.5
07:35:00,116,9.1,0,-613.6,-488.5
07:36:00,106,8.1,0,-634.8,-520.7
07:37:00,115,5.6,0,-689.4,-568.8
07:38:00,121,1.4,0,-574.2,-451.8
07:39:00,122,0.2,0,-688.3,-566.1
07:40:00,102,0.0,0,-572.5,-470.5
07:41:00,82,0.0,0,-674.2,-592.2
07:42:00,73,0.0,0,-730.4,-657.4
07:43:00,74,0.0,0,-594.7,-520.7
07:44:00,64,-4.0,0,-591.7,-531.7
07:45:00,50,3.7,0,-615.8,-562.1
07:46:00,37,1.1,0,-707.3,-669.2
07:47:00,29,1.5,0,-709.4,-678.9
07:48:00,22,1.0,0,-660.0,-637.0
07:49:00,38,0.0,0,-651.2,-613.2
07:50:00,71,0.4,0,-496.9,-425.5
07:51:00,45,-12.1,0,-518.5,-485.6
07:52:00,35,0.0,0,-535.5,-500.5
07:53:00,23,0.0,0,-530.3,-507.3
07:54:00,13,-5.8,0,-575.8,-568.6
07:55:00,7,1.3,0,-579.8,-571.5
07:56:00,24,0.0,0,-733.6,-709.6
07:57:00,72,0.0,0,-837.7,-765.7
07:58:00,110,0.0,0,-798.0,-688.0
07:59:00,141,0.0,0,-829.5,-688.5
08:00:00,179,0.1,0,-506.1,-327.0
08:01:00,121,-140.0,0,-472.5,-491.5
08:02:00,90,-33.6,0,-666.2,-609.8
08:03:00,65,-4.0,0,-702.1,-641.1
08:04:00,34,3.0,0,-813.5,-776.5
08:05:00,62,0.1,0,-897.8,-835.7
08:06:00,94,0.0,0,-825.2,-731.2
08:07:00,102,0.0,0,-867.5,-765.5
08:08:00,123,0.0,0,-856.6,-733.6
08:09:00,128,0.0,0,-939.5,-811.5
08:10:00,140,0.0,0,-782.3,-642.3
08:11:00,149,0.0,0,-855.2,-706.2
08:12:00,164,0.0,0,-723.4,-559.4
08:13:00,175,4.6,0,-785.6,-606.0
08:14:00,193,3.6,0,-818.5,-621.9
08:15:00,211,0.2,0,-779.9,-568.7
08:16:00,228,3.6,0,-702.2,-470.6
08:17:00,249,0.4,0,-636.0,-386.6
08:18:00,268,0.3,0,-645.8,-377.5
08:19:00,292,0.0,0,-648.2,-356.2
08:20:00,287,1.7,0,-834.7,-546.0
08:21:00,287,1.0,0,-887.9,-599.9
08:22:00,290,3.8,0,-851.3,-557.5
08:23:00,293,5.6,0,-877.1,-578.5
08:24:00,320,5.8,0,-719.3,-393.5
08:25:00,312,22.3,0,-737.2,-402.9
08:26:00,308,15.5,0,-702.3,-378.8
08:27:00,302,5.0,0,-779.0,-472.0
08:28:00,305,26.9,0,-707.1,-375.2
08:29:00,316,25.6,0,-822.1,-480.5
08:30:00,358,12.5,0,-709.5,-339.0
08:31:00,340,11.4,0,-757.3,-405.9
08:32:00,360,16.6,0,-734.2,-357.6
08:33:00,370,16.2,0,-850.7,-464.5
08:34:00,385,36.3,0,-747.3,-326.0
08:35:00,392,21.6,0,-789.4,-375.8
08:36:00,388,20.3,0,-780.0,-371.7
08:37:00,389,15.3,0,-851.0,-446.7
08:38:00,388,22.7,0,-886.0,-475.3
08:39:00,391,19.7,0,-906.1,-495.4
08:40:00,390,21.6,0,-939.6,-528.0
08:41:00,391,23.2,0,-773.5,-359.3
08:42:00,398,20.1,0,-794.4,-376.3
08:43:00,397,17.2,0,-783.8,-369.6
08:44:00,400,29.0,0,-735.1,-306.1
08:45:00,388,15.8,0,-765.4,-361.6
08:46:00,403,11.6,0,-674.7,-260.1
08:47:00,403,11.4,0,-685.0,-270.6
08:48:00,406,11.9,0,-716.7,-298.8
08:49:00,408,17.4,0,-731.4,-306.0
08:50:00,411,17.2,0,-695.0,-266.8
08:51:00,412,28.5,0,-747.8,-307.3
08:52:00,414,20.7,0,-734.2,-299.5
08:53:00,384,22.2,0,-779.0,-372.8
08:54:00,368,21.8,0,-665.7,-275.9
08:55:00,343,33.1,0,-675.4,-299.3
08:56:00,342,40.9,0,-505.6,-122.7
08:57:00,331,46.2,0,-525.5,-148.3
08:58:00,318,84.6,0,-561.6,-159.0
08:59:00,303,70.3,0,-578.0,-204.7
09:00:00,287,19.4,0,-519.4,-213.0
09:01:00,229,9.6,0,-509.6,-271.0
09:02:00,182,7.1,0,-507.1,-318.0
09:03:00,137,11.1,0,-511.1,-363.0
09:04:00,116,16.3,0,-516.3,-384.0
09:05:00,109,24.2,0,-519.9,-386.7
09:06:00,142,37.6,0,-543.8,-364.2
09:07:00,160,42.7,0,-543.4,-340.7
09:08:00,168,38.7,0,-538.7,-332.0
09:09:00,150,20.5,0,-520.5,-350.0
09:10:00,149,40.5,0,-540.5,-351.0
09:11:00,133,7.5,0,-415.3,-274.8
09:12:00,117,22.5,0,-452.0,-312.5
09:13:00,97,128.8,0,-447.2,-221.4
09:14:00,67,188.4,0,-430.0,-174.6
09:15:00,32,0.0,0,-229.9,-197.9
09:16:00,36,11.8,0,-363.4,-315.6
09:17:00,81,26.8,0,-400.4,-292.6
09:18:00,111,21.8,0,-419.9,-287.1
09:19:00,141,29.5,0,-400.3,-229.8
09:20:00,162,19.2,0,-416.9,-235.7
09:21:00,161,7.9,0,-376.7,-207.8
09:22:00,158,18.3,0,-362.9,-186.6
09:23:00,154,19.0,0,-331.7,-158.7
09:24:00,155,15.2,0,-354.2,-184.0
09:25:00,149,23.2,0,-322.9,-150.7
09:26:00,131,16.6,0,-350.7,-203.1
09:27:00,121,12.6,0,-326.3,-192.7
09:28:00,103,28.4,0,-368.5,-237.1
09:29:00,95,11.4,0,-338.5,-232.1
09:30:00,67,17.1,0,-395.6,-311.5
09:31:00,95,38.0,0,-418.8,-285.8
09:32:00,124,47.4,0,-507.8,-336.4
09:33:00,160,59.0,0,-457.8,-238.8
09:34:00,182,32.4,0,-465.5,-251.1
09:35:00,199,60.7,0,-447.2,-187.5
09:36:00,205,41.6,0,-506.6,-260.0
09:37:00,214,55.0,0,-533.6,-264.6
09:38:00,224,71.5,0,-520.2,-224.7
09:39:00,231,67.7,0,-488.2,-189.5
09:40:00,235,70.9,0,-466.2,-160.3
09:41:00,231,81.7,0,-433.4,-120.7
09:42:00,222,80.1,0,-365.7,-63.6
09:43:00,202,78.7,0,-371.9,-91.2
09:44:00,185,109.3,0,-378.8,-84.5
09:45:00,159,71.9,0,-426.5,-195.6
09:46:00,156,33.7,0,-563.4,-373.7
09:47:00,191,38.6,0,-555.7,-326.1
09:48:00,223,75.7,0,-615.0,-316.3
09:49:00,255,48.6,0,-630.7,-327.1
09:50:00,265,58.3,0,-668.7,-345.4
09:51:00,255,65.0,0,-654.6,-334.6
09:52:00,241,49.4,0,-524.1,-233.7
09:53:00,228,48.7,0,-574.1,-297.4
09:54:00,218,78.0,0,-449.7,-153.7
09:55:00,207,60.9,0,-522.2,-254.3
09:56:00,190,53.6,0,-377.4,-133.8
09:57:00,142,11.0,0,-336.4,-183.4
09:58:00,102,0.0,0,-303.4,-201.4
09:59:00,64,3.9,0,-291.9,-224.0
10:00:00,60,66.9,0,-507.5,-380.6
10:01:00,91,58.8,0,-463.1,-313.3
10:02:00,130,66.3,0,-423.5,-227.2
10:03:00,170,97.1,0,-340.8,-73.7
10:04:00,173,65.6,0,-380.5,-141.9
10:05:00,167,81.7,0,-338.4,-89.7
10:06:00,152,60.7,0,-361.0,-148.3
10:07:00,147,52.7,0,-258.5,-58.8
10:08:00,146,39.2,0,-250.4,-65.2
10:09:00,146,30.0,0,-285.2,-109.2
10:10:00,142,26.1,0,-208.7,-40.6
10:11:00,135,41.0,0,-143.3,32.7
10:12:00,118,10.6,0,-66.3,62.3
10:13:00,101,0.0,0,0.0,101.0
10:14:00,79,0.0,0,0.0,79.0
10:15:00,45,60.1,0,-145.3,-40.2
10:16:00,79,56.6,0,-178.1,-42.5
10:17:00,111,39.8,0,-136.4,14.4
10:18:00,153,45.3,0,-105.3,93.0
10:19:00,206,60.6,0,-133.6,133.0
10:20:00,275,0.0,0,0.0,275.0
10:21:00,283,16.9,0,-16.9,283.0
10:22:00,276,47.6,0,-47.6,276.0
10:23:00,275,132.7,0,-169.5,238.2
10:24:00,265,104.6,0,-104.6,265.0
10:25:00,280,0.0,0,0.0,280.0
10:26:00,346,0.0,0,0.0,346.0
10:27:00,372,0.0,0,0.0,372.0
10:28:00,388,0.0,0,0.0,388.0
10:29:00,373,0.0,0,0.0,373.0
10:30:00,332,45.2,0,-52.3,324.9
10:31:00,315,34.3,0,-109.4,239.9
10:32:00,309,39.3,0,-81.1,267.2
10:33:00,338,0.0,0,0.0,338.0
10:34:00,410,0.0,0,0.0,410.0
10:35:00,430,0.0,0,0.0,430.0
10:36:00,398,0.0,0,0.0,398.0
10:37:00,379,0.0,0,0.0,379.0
10:38:00,333,21.4,0,-21.4,333.0
10:39:00,306,0.0,0,0.0,306.0
10:40:00,281,0.0,0,0.0,281.0
10:41:00,238,0.0,0,0.0,238.0
10:42:00,202,0.0,0,-26.3,175.7
10:43:00,176,0.0,0,-0.4,175.6
10:44:00,160,0.0,0,-27.6,132.4
10:45:00,158,0.0,0,0.0,158.0
10:46:00,161,0.0,0,0.0,161.0
10:47:00,174,0.0,0,0.0,174.0
10:48:00,244,0.0,0,0.0,244.0
10:49:00,286,0.0,0,0.0,286.0
10:50:00,354,0.0,0,0.0,354.0
10:51:00,366,0.0,0,0.0,366.0
10:52:00,378,0.0,0,0.0,378.0
10:53:00,367,0.0,0,0.0,367.0
10:54:00,359,0.0,0,0.0,359.0
10:55:00,356,0.0,0,0.0,356.0
10:56:00,375,0.0,0,0.0,375.0
10:57:00,448,0.0,0,-9.9,438.1
10:58:00,476,0.0,0,-33.1,442.9
10:59:00,473,0.0,0,-45.9,427.1
11:00:00,422,0.0,0,0.0,422.0
11:01:00,423,0.0,0,0.0,423.0
11:02:00,427,0.0,0,0.0,427.0
11:03:00,441,0.0,0,0.0,441.0
11:04:00,465,0.0,0,0.0,465.0
11:05:00,442,0.0,0,0.0,442.0
11:06:00,433,0.0,0,0.0,433.0
11:07:00,422,0.0,0,0.0,422.0
11:08:00,423,0.0,0,0.0,423.0
11:09:00,415,0.0,0,0.0,415.0
11:10:00,411,0.0,0,0.0,411.0
11:11:00,403,0.0,0,0.0,403.0
11:12:00,398,0.0,0,0.0,398.0
11:13:00,395,0.0,0,0.0,395.0
11:14:00,391,0.0,0,0.0,391.0
11:15:00,404,0.0,0,0.0,404.0
11:16:00,453,0.0,0,0.0,453.0
11:17:00,464,0.0,0,0.0,464.0
11:18:00,481,0.0,0,0.0,481.0
11:19:00,467,0.0,0,0.0,467.0
11:20:00,465,0.0,0,0.0,465.0
11:21:00,483,0.0,0,0.0,483.0
11:22:00,472,0.0,0,0.0,472.0
11:23:00,479,0.0,0,0.0,479.0
11:24:00,527,0.0,0,0.0,527.0
11:25:00,501,0.0,0,0.0,501.0
11:26:00,567,0.0,0,0.0,567.0
11:27:00,520,0.0,0,0.0,520.0
11:28:00,527,0.0,0,0.0,527.0
11:29:00,497,0.0,0,0.0,497.0
11:30:00,495,0.0,0,0.0,495.0
11:31:00,494,0.0,0,0.0,494.0
11:32:00,487,0.0,0,0.0,487.0
11:33:00,494,0.0,0,0.0,494.0
11:34:00,501,0.0,0,0.0,501.0
11:35:00,526,0.0,0,0.0,526.0
11:36:00,546,0.0,0,0.0,546.0
11:37:00,526,0.0,0,0.0,526.0
11:38:00,515,0.0,0,0.0,515.0
11:39:00,495,0.0,0,0.0,495.0
11:40:00,485,0.0,0,0.0,485.0
11:41:00,474,0.0,0,0.0,474.0
11:42:00,471,0.0,0,0.0,471.0
11:43:00,466,0.0,0,0.0,466.0
11:44:00,466,0.0,0,0.0,466.0
11:45:00,464,0.0,0,0.0,464.0
11:46:00,495,0.0,0,0.0,495.0
11:47:00,540,0.0,0,0.0,540.0
11:48:00,522,0.0,0,0.0,522.0
11:49:00,538,0.0,0,0.0,538.0
11:50:00,519,0.0,0,0.0,519.0
11:51:00,542,0.0,0,0.0,542.0
11:52:00,535,0.0,0,0.0,535.0
11:53:00,564,0.0,0,0.0,564.0
11:54:00,533,0.0,0,0.0,533.0
11:55:00,513,0.0,0,0.0,513.0
11:56:00,464,0.0,0,0.0,464.0
11:57:00,414,0.0,0,0.0,414.0
11:58:00,374,0.0,0,0.0,374.0
11:59:00,357,0.0,0,0.0,357.0
12:00:00,343,0.0,0,-264.2,78.8
12:01:00,413,0.0,0,-143.5,269.5
12:02:00,439,0.0,0,-126.1,312.9
12:03:00,483,0.0,0,-72.2,410.8
12:04:00,503,0.0,0,0.0,503.0
12:05:00,559,0.0,0,0.0,559.0
12:06:00,558,0.0,0,0.0,558.0
12:07:00,537,0.0,0,0.0,537.0
12:08:00,569,0.0,0,0.0,569.0
12:09:00,584,0.0,0,0.0,584.0
12:10:00,598,0.0,0,0.0,598.0
12:11:00,611,0.0,0,0.0,611.0
12:12:00,621,0.0,0,0.0,621.0
12:13:00,635,0.0,0,0.0,635.0
12:14:00,633,0.0,0,0.0,633.0
12:15:00,628,0.0,0,0.0,628.0
12:16:00,629,0.0,0,0.0,629.0
12:17:00,634,0.0,0,0.0,634.0
12:18:00,639,0.0,0,0.0,639.0
12:19:00,641,0.0,0,0.0,641.0
12:20:00,643,0.0,0,0.0,643.0
12:21:00,644,0.0,0,0.0,644.0
12:22:00,644,0.0,199,0.0,843.0
12:23:00,643,0.0,199,0.0,842.0
12:24:00,637,0.0,199,0.0,836.0
12:25:00,628,0.0,199,0.0,827.0
12:26:00,617,0.0,199,0.0,816.0
12:27:00,606,0.0,199,0.0,805.0
12:28:00,609,0.0,199,0.0,808.0
12:29:00,613,0.0,199,0.0,812.0
12:30:00,613,0.0,199,0.0,812.0
12:31:00,605,0.0,199,-18.4,785.6
12:32:00,572,0.0,199,-33.8,737.2
12:33:00,588,0.0,199,0.0,787.0
12:34:00,588,0.0,199,0.0,787.0
12:35:00,583,0.0,199,0.0,782.0
12:36:00,586,0.0,199,0.0,785.0
12:37:00,585,0.0,199,0.0,784.0
12:38:00,583,0.0,199,0.0,782.0
12:39:00,583,0.0,199,0.0,782.0
12:40:00,580,0.0,199,0.0,779.0
12:41:00,577,0.0,199,0.0,776.0
12:42:00,514,0.0,199,-35.2,677.8
12:43:00,532,0.0,199,-3.2,727.8
12:44:00,489,0.0,199,0.0,688.0
12:45:00,483,0.0,199,0.0,682.0
12:46:00,451,0.0,199,0.0,650.0
12:47:00,409,0.0,199,0.0,608.0
12:48:00,399,35.0,199,-53.0,580.0
12:49:00,377,23.4,199,-46.8,552.6
12:50:00,352,45.9,199,-91.9,505.0
12:51:00,334,34.7,199,-69.4,498.3
12:52:00,307,21.8,199,-43.6,484.2
12:53:00,292,46.9,199,-106.0,431.9
12:54:00,296,0.0,0,0.0,296.0
12:55:00,291,11.6,0,-115.4,187.2
12:56:00,292,11.2,0,-65.4,237.8
12:57:00,286,48.1,0,-230.6,103.5
12:58:00,251,153.2,0,-177.7,226.5
12:59:00,208,50.9,0,-250.7,8.2
13:00:00,165,14.5,0,-213.6,-34.1
13:01:00,162,19.1,0,-175.4,5.7
13:02:00,161,0.0,0,-56.2,104.8
13:03:00,165,0.0,0,0.0,165.0
13:04:00,189,0.0,0,0.0,189.0
13:05:00,261,0.0,0,0.0,261.0
13:06:00,309,0.0,0,0.0,309.0
13:07:00,325,0.0,0,0.0,325.0
13:08:00,316,0.0,0,-1.2,314.8
13:09:00,283,23.3,0,-103.4,202.9
13:10:00,276,19.1,0,-97.5,197.6
13:11:00,281,13.5,0,-81.1,213.4
13:12:00,280,19.4,0,-154.8,144.6
13:13:00,282,20.7,0,-219.6,83.1
13:14:00,274,20.7,0,-330.2,-35.5
13:15:00,247,13.6,0,-184.0,76.6
13:16:00,232,1.4,0,-286.5,-53.1
13:17:00,221,0.0,0,-263.9,-42.9
13:18:00,201,0.4,0,-294.0,-92.6
13:19:00,186,0.0,0,-251.1,-65.1
13:20:00,156,0.0,0,-277.5,-121.5
13:21:00,150,0.0,0,-152.4,-2.4
13:22:00,145,0.0,0,-101.8,43.2
13:23:00,163,0.0,0,-137.7,25.3
13:24:00,178,11.2,0,-155.3,33.9
13:25:00,175,0.0,0,-94.2,80.8
13:26:00,166,12.8,0,-135.7,43.1
13:27:00,135,11.8,0,-194.0,-47.2
13:28:00,111,36.2,0,-133.0,14.2
13:29:00,104,24.5,0,-214.2,-85.7
13:30:00,103,40.3,0,-278.9,-135.6
13:31:00,89,1.5,0,-133.5,-43.0
13:32:00,54,1.5,0,-192.6,-137.1
13:33:00,39,0.6,0,-353.0,-313.4
13:34:00,33,17.5,0,-473.5,-423.0
13:35:00,83,33.1,0,-438.3,-322.2
13:36:00,112,13.9,0,-433.3,-307.4
13:37:00,146,11.9,0,-464.6,-306.7
13:38:00,171,11.1,0,-581.3,-399.2
13:39:00,205,15.5,0,-548.6,-328.1
13:40:00,217,13.0,0,-444.1,-214.1
13:41:00,236,0.0,0,-457.2,-221.2
13:42:00,234,0.0,0,-480.3,-246.3
13:43:00,242,10.5,0,-552.4,-299.9
13:44:00,253,14.8,0,-610.4,-342.6
13:45:00,243,22.0,0,-479.0,-214.0
13:46:00,221,17.4,0,-628.7,-390.3
13:47:00,209,23.8,0,-652.4,-419.6
13:48:00,182,9.2,0,-669.4,-478.2
13:49:00,157,15.6,0,-727.6,-555.0
13:50:00,148,12.3,0,-775.9,-615.6
13:51:00,165,12.6,0,-802.8,-625.2
13:52:00,187,1.7,0,-774.1,-585.4
13:53:00,208,10.3,0,-733.8,-515.5
13:54:00,217,5.5,0,-822.1,-599.6
13:55:00,226,20.1,0,-884.7,-638.6
13:56:00,231,26.4,0,-901.6,-644.2
13:57:00,244,20.0,0,-866.1,-602.1
13:58:00,246,1.8,0,-875.7,-627.9
13:59:00,253,6.3,0,-840.7,-581.4
14:00:00,221,0.0,0,-572.9,-351.9
14:01:00,194,0.0,0,-572.3,-378.3
14:02:00,128,-75.0,0,-569.1,-516.1
14:03:00,86,-75.0,0,-540.7,-529.7
14:04:00,44,-53.5,0,-484.2,-493.7
14:05:00,16,-54.3,0,-488.5,-526.8
14:06:00,4,-54.7,0,-509.4,-560.1
14:07:00,1,-39.0,0,-479.0,-517.0
14:08:00,23,15.5,0,-789.5,-751.0
14:09:00,69,8.9,0,-760.0,-682.1
14:10:00,109,3.2,0,-743.6,-631.4
14:11:00,152,0.0,0,-793.5,-641.5
14:12:00,188,0.0,0,-797.1,-609.1
14:13:00,212,0.0,0,-822.3,-610.3
14:14:00,231,1.7,0,-798.7,-566.0
14:15:00,232,0.4,0,-798.9,-566.5
14:16:00,237,0.0,0,-728.3,-491.3
14:17:00,234,3.7,0,-617.0,-379.3
14:18:00,186,-23.1,0,-544.5,-381.6
14:19:00,112,-48.0,0,-600.0,-536.0
14:20:00,73,-91.0,0,-491.4,-509.4
14:21:00,79,7.4,0,-782.1,-695.7
14:22:00,116,1.5,0,-772.7,-655.2
14:23:00,141,0.0,0,-795.5,-654.5
14:24:00,179,0.0,0,-756.2,-577.2
14:25:00,206,0.0,0,-783.7,-577.7
14:26:00,224,5.2,0,-774.8,-545.6
14:27:00,228,5.2,0,-719.8,-486.6
14:28:00,243,11.2,0,-701.0,-446.8
14:29:00,244,17.1,0,-717.9,-456.8
14:30:00,251,29.3,0,-732.1,-451.8
14:31:00,233,30.5,0,-661.6,-398.1
14:32:00,214,25.3,0,-620.2,-380.9
14:33:00,165,-39.0,0,-558.1,-432.1
14:34:00,127,11.1,0,-655.6,-517.5
14:35:00,119,13.9,0,-687.9,-555.0
14:36:00,104,25.4,0,-798.7,-669.3
14:37:00,128,35.7,0,-820.9,-657.2
14:38:00,156,11.0,0,-672.7,-505.7
14:39:00,175,4.4,0,-686.4,-507.0
14:40:00,193,15.9,0,-860.6,-651.7
14:41:00,203,19.8,0,-712.1,-489.3
14:42:00,193,26.9,0,-821.9,-602.0
14:43:00,184,6.9,0,-655.9,-465.0
14:44:00,171,17.9,0,-807.2,-618.3
14:45:00,165,27.9,0,-796.2,-603.3
14:46:00,174,31.7,0,-772.7,-567.0
14:47:00,173,26.4,0,-834.1,-634.7
14:48:00,175,14.3,0,-842.8,-653.5
14:49:00,149,-68.8,0,-555.8,-475.6
14:50:00,110,-24.7,0,-597.8,-512.5
14:51:00,80,-63.0,0,-505.2,-488.2
14:52:00,49,-38.5,0,-478.2,-467.7
14:53:00,19,-39.0,0,-487.4,-507.4
14:54:00,4,3.8,0,-482.8,-475.0
14:55:00,1,-16.1,0,-480.0,-495.1
14:56:00,17,-39.0,0,-462.5,-484.5
14:57:00,36,0.0,0,-409.2,-373.2
14:58:00,45,-39.0,0,-428.6,-422.6
14:59:00,72,-39.0,0,-404.3,-371.3
15:00:00,89,12.6,0,-543.7,-442.1
15:01:00,111,10.5,0,-500.5,-379.0
15:02:00,152,25.3,0,-381.3,-204.0
15:03:00,182,26.1,0,-286.8,-78.7
15:04:00,178,11.0,0,-225.9,-36.9
15:05:00,195,31.2,0,-214.6,11.6
15:06:00,200,17.2,0,-238.9,-21.7
15:07:00,221,20.8,0,-147.8,94.0
15:08:00,223,23.5,0,-130.6,115.9
15:09:00,226,17.3,0,-145.6,97.7
15:10:00,232,10.2,0,-106.7,135.5
15:11:00,236,16.1,0,-168.8,83.3
15:12:00,238,22.1,0,-176.2,83.9
15:13:00,242,18.7,0,-116.2,144.5
15:14:00,241,16.5,0,-158.4,99.1
15:15:00,229,20.6,0,-283.6,-34.0
15:16:00,246,22.4,0,-289.8,-21.4
15:17:00,247,18.0,0,-341.5,-76.5
15:18:00,261,10.6,0,-332.4,-60.8
15:19:00,271,8.5,0,-349.1,-69.6
15:20:00,272,6.3,0,-370.6,-92.3
15:21:00,281,9.2,0,-342.1,-51.9
15:22:00,281,9.5,0,-306.8,-16.3
15:23:00,287,3.5,0,-240.6,49.9
15:24:00,289,3.0,0,-168.4,123.6
15:25:00,292,6.2,0,-148.4,149.8
15:26:00,291,4.7,0,-190.6,105.1
15:27:00,293,9.8,0,-156.5,146.3
15:28:00,295,7.3,0,-125.2,177.1
15:29:00,294,11.4,0,-186.3,119.1
15:30:00,294,11.6,0,-223.5,82.1
15:31:00,294,18.1,0,-299.5,12.6
15:32:00,293,9.9,0,-406.9,-104.0
15:33:00,295,8.0,0,-461.3,-158.3
15:34:00,298,9.4,0,-496.3,-188.9
15:35:00,301,12.8,0,-494.0,-180.2
15:36:00,304,4.3,0,-474.0,-165.7
15:37:00,300,3.6,0,-523.8,-220.2
15:38:00,299,2.9,0,-543.0,-241.1
15:39:00,297,2.6,0,-613.7,-314.1
15:40:00,297,3.1,0,-575.5,-275.4
15:41:00,294,0.3,0,-666.3,-372.0
15:42:00,295,0.0,0,-639.9,-344.9
15:43:00,297,0.0,0,-553.0,-256.0
15:44:00,296,0.0,0,-569.3,-273.3
15:45:00,295,6.4,0,-584.5,-283.1
15:46:00,296,12.4,0,-545.9,-237.5
15:47:00,292,7.9,0,-531.0,-231.1
15:48:00,286,0.8,0,-529.9,-243.1
15:49:00,254,0.7,0,-680.4,-425.7
15:50:00,257,0.1,0,-712.5,-455.4
15:51:00,268,3.1,0,-644.2,-373.1
15:52:00,272,1.6,0,-543.5,-269.9
15:53:00,280,2.5,0,-390.4,-107.9
15:54:00,286,1.9,0,-270.4,17.5
15:55:00,288,0.0,0,-137.5,150.5
15:56:00,290,0.0,0,-50.8,239.2
15:57:00,293,0.0,0,54.9,347.9
15:58:00,295,0.0,0,127.1,422.1
15:59:00,301,0.0,0,254.8,555.8
16:00:00,310,6.4,0,331.0,647.4
16:01:00,277,6.8,0,145.6,429.4
16:02:00,274,5.9,0,88.7,368.6
16:03:00,266,4.1,0,-37.3,232.8
16:04:00,256,6.2,0,-124.0,138.2
16:05:00,249,3.6,0,-164.1,88.5
16:06:00,251,5.8,0,-109.5,147.3
16:07:00,253,5.5,0,-74.1,184.4
16:08:00,252,5.4,0,-101.8,155.6
16:09:00,254,5.5,0,-43.4,216.1
16:10:00,257,0.0,0,-14.7,242.3
16:11:00,256,1.1,0,-20.4,236.7
16:12:00,258,2.8,0,20.1,280.9
16:13:00,260,1.0,0,7.2,268.2
16:14:00,262,1.9,0,19.3,283.2
16:15:00,311,0.0,0,-63.6,247.4
16:16:00,319,0.0,0,-23.1,295.9
16:17:00,326,0.0,0,-14.4,311.6
16:18:00,328,0.0,0,-32.2,295.8
16:19:00,328,0.0,0,-121.7,206.3
16:20:00,339,0.0,0,-157.8,181.2
16:21:00,341,0.0,0,-68.9,272.1
16:22:00,344,0.0,0,-107.7,236.3
16:23:00,347,0.0,0,-133.4,213.6
16:24:00,349,0.0,0,-148.0,201.0
16:25:00,350,0.0,0,-172.1,177.9
16:26:00,345,0.0,0,-81.0,264.0
16:27:00,340,0.0,0,-157.1,182.9
16:28:00,345,0.0,0,-123.4,221.6
16:29:00,345,0.0,0,-158.8,186.2
16:30:00,357,0.0,0,-23.6,333.4
16:31:00,322,2.1,0,-67.7,256.4
16:32:00,312,0.0,0,-140.9,171.1
16:33:00,284,2.3,0,-169.4,116.9
16:34:00,282,3.3,0,-195.2,90.1
16:35:00,282,11.2,0,-116.8,176.4
16:36:00,274,4.1,0,-127.7,150.4
16:37:00,274,8.5,0,-137.6,144.9
16:38:00,274,1.6,0,-127.4,148.2
16:39:00,304,6.6,0,-143.8,166.8
16:40:00,319,2.9,0,-140.0,181.9
16:41:00,311,3.2,0,-110.2,204.0
16:42:00,315,3.7,0,-174.5,144.2
16:43:00,361,4.3,0,-169.9,195.4
16:44:00,369,0.0,0,-121.4,247.6
16:45:00,373,0.0,0,-142.3,230.7
16:46:00,376,0.0,0,-208.3,167.7
16:47:00,381,0.0,0,-208.5,172.5
16:48:00,390,0.9,0,-191.9,199.0
16:49:00,399,0.1,0,-213.0,186.1
16:50:00,407,0.0,0,-219.4,187.6
16:51:00,412,0.0,0,-187.8,224.2
16:52:00,410,4.8,0,-201.3,213.5
16:53:00,405,0.0,0,-202.1,202.9
16:54:00,395,0.0,0,-226.6,168.4
16:55:00,385,0.0,0,-268.5,116.5
16:56:00,375,0.0,0,-267.3,107.7
16:57:00,363,0.0,0,-236.4,126.6
16:58:00,359,0.0,0,-163.7,195.3
16:59:00,358,0.0,0,-204.8,153.2
17:00:00,335,0.0,0,-263.4,71.6
17:01:00,365,0.0,0,-256.3,108.7
17:02:00,323,0.0,0,-175.2,147.8
17:03:00,322,0.0,0,-166.4,155.6
17:04:00,307,0.2,0,-232.5,74.7
17:05:00,293,2.8,0,-326.6,-30.8
17:06:00,275,2.0,0,-426.9,-149.9
17:07:00,256,0.2,0,-488.9,-232.7
17:08:00,232,0.2,0,-557.6,-325.4
17:09:00,219,0.0,0,-540.8,-321.8
17:10:00,212,0.0,0,-632.8,-420.8
17:11:00,209,0.2,0,-708.6,-499.4
17:12:00,206,0.2,0,-771.2,-565.0
17:13:00,198,1.8,0,-770.8,-571.0
17:14:00,177,1.8,0,-767.8,-589.0
17:15:00,153,9.1,0,-929.0,-766.9
17:16:00,167,6.5,0,-965.6,-792.1
17:17:00,168,6.1,0,-1056.1,-882.0
17:18:00,183,6.0,0,-954.6,-765.6
17:19:00,191,4.7,0,-1027.0,-831.3
17:20:00,201,5.4,0,-927.7,-721.3
17:21:00,205,10.9,0,-955.9,-740.0
17:22:00,209,10.1,0,-1038.5,-819.4
17:23:00,217,5.4,0,-913.4,-691.0
17:24:00,221,5.1,0,-986.3,-760.2
17:25:00,226,17.6,0,-979.6,-736.0
17:26:00,228,5.7,0,-904.0,-670.3
17:27:00,229,19.3,0,-908.4,-660.1
17:28:00,230,18.6,0,-876.4,-627.8
17:29:00,231,0.0,0,-796.1,-565.1
17:30:00,236,2.7,0,-810.2,-571.5
17:31:00,237,1.8,0,-824.3,-585.5
17:32:00,236,2.5,0,-790.0,-551.5
17:33:00,240,0.0,0,-872.2,-632.2
17:34:00,249,0.0,0,-809.0,-560.0
17:35:00,252,0.0,0,-736.2,-484.2
17:36:00,248,0.0,0,-811.4,-563.4
17:37:00,239,0.0,0,-875.3,-636.3
17:38:00,236,0.0,0,-799.9,-563.9
17:39:00,232,1.0,0,-876.1,-643.1
17:40:00,229,0.0,0,-967.6,-738.6
17:41:00,228,0.9,0,-969.7,-740.8
17:42:00,224,3.2,0,-1043.4,-816.2
17:43:00,229,0.0,0,-952.8,-723.8
17:44:00,229,3.2,0,-986.6,-754.4
17:45:00,226,5.7,0,-1013.4,-781.7
17:46:00,227,3.4,0,-1031.3,-800.9
17:47:00,232,1.8,0,-936.0,-702.2
17:48:00,235,4.7,0,-873.7,-634.0
17:49:00,235,7.0,0,-913.1,-671.1
17:50:00,233,8.2,0,-939.6,-698.4
17:51:00,228,4.9,0,-1011.7,-778.8
17:52:00,229,6.0,0,-942.6,-707.6
17:53:00,226,8.1,0,-1010.3,-776.2
17:54:00,226,4.9,0,-1017.2,-786.3
17:55:00,224,2.0,0,-1031.0,-805.0
17:56:00,224,10.7,0,-1052.6,-817.9
17:57:00,218,16.2,0,-1062.3,-828.1
17:58:00,197,24.8,0,-1232.4,-1010.6
17:59:00,164,0.0,0,-1121.9,-957.9
18:00:00,117,8.2,0,-1177.6,-1052.4
18:01:00,70,0.0,0,-1166.8,-1096.8
18:02:00,32,-29.0,0,-1147.4,-1144.4
18:03:00,9,-46.3,0,-1134.4,-1171.7
18:04:00,1,0.0,0,-1108.9,-1107.9
18:05:00,0,-58.6,0,-1025.3,-1083.9
18:06:00,-9,-90.9,0,-928.1,-1028.0
18:07:00,-18,-79.1,0,-977.6,-1074.7
18:08:00,-15,-67.4,0,-989.4,-1071.8
18:09:00,-12,-30.8,0,-1002.6,-1045.4
18:10:00,-11,-27.8,0,-937.8,-976.6
18:11:00,-22,-37.5,0,-767.1,-826.6
18:12:00,-42,-60.0,0,-558.0,-660.0
18:13:00,-64,-27.5,0,-611.3,-702.8
18:14:00,-84,-25.8,0,-579.6,-689.4
18:15:00,-96,-14.3,0,-575.2,-685.5
18:16:00,-77,86.0,0,-723.3,-714.3
18:17:00,-43,110.2,0,-756.4,-689.2
18:18:00,-15,85.7,0,-743.3,-672.6
18:19:00,14,81.5,0,-554.3,-458.8
18:20:00,30,59.6,0,-498.7,-409.1
18:21:00,43,59.2,0,-524.3,-422.1
18:22:00,65,51.0,0,-590.0,-474.0
18:23:00,68,44.1,0,-472.8,-360.7
18:24:00,69,38.0,0,-499.1,-392.1
18:25:00,63,-33.2,0,-431.2,-401.4
18:26:00,49,3.7,0,-377.2,-324.5
18:27:00,30,0.0,0,-336.8,-306.8
18:28:00,9,-39.0,0,-318.2,-348.2
18:29:00,5,0.0,0,-351.1,-346.1
18:30:00,5,42.1,0,-446.8,-399.7
18:31:00,33,17.2,0,-576.0,-525.8
18:32:00,58,19.3,0,-646.6,-569.3
18:33:00,86,24.3,0,-622.3,-512.0
18:34:00,101,27.2,0,-643.9,-515.7
18:35:00,116,34.8,0,-675.0,-524.2
18:36:00,116,27.9,0,-736.9,-593.0
18:37:00,123,24.9,0,-721.5,-573.6
18:38:00,124,25.2,0,-786.6,-637.4
18:39:00,113,12.7,0,-720.5,-594.8
18:40:00,103,29.2,0,-702.0,-569.8
18:41:00,98,25.4,0,-655.8,-532.4
18:42:00,89,0.0,0,-611.2,-522.2
18:43:00,69,-31.2,0,-558.2,-520.4
18:44:00,43,-27.8,0,-602.8,-587.6
18:45:00,16,-22.3,0,-487.8,-494.1
18:46:00,12,-16.7,0,-546.3,-551.0
18:47:00,1,-43.0,0,-521.1,-563.1
18:48:00,0,15.9,0,-700.5,-684.6
18:49:00,9,15.8,0,-657.4,-632.6
18:50:00,23,13.2,0,-729.0,-692.8
18:51:00,27,-43.0,0,-573.7,-589.7
18:52:00,15,-43.0,0,-509.9,-537.9
18:53:00,6,-43.0,0,-557.1,-594.1
18:54:00,1,-43.0,0,-617.9,-659.9
18:55:00,0,-43.0,0,-664.5,-707.5
18:56:00,0,-93.5,0,-563.0,-656.5
18:57:00,0,-120.0,0,-450.1,-570.1
18:58:00,-29,-103.4,0,-526.4,-658.8
18:59:00,-36,-86.0,0,-485.4,-607.4
19:00:00,-16,-20.0,0,-418.8,-454.8
19:01:00,-81,-18.3,0,-436.2,-535.5
19:02:00,-117,-10.6,0,-627.7,-755.3
19:03:00,-103,-39.0,0,-631.9,-773.9
19:04:00,-70,0.0,0,-770.4,-840.4
19:05:00,-50,0.0,0,-794.8,-844.8
19:06:00,-15,0.0,0,-753.6,-768.6
19:07:00,-3,-5.2,0,-616.0,-624.2
19:08:00,-7,-19.8,0,-567.1,-593.9
19:09:00,-21,-16.9,0,-540.4,-578.3
19:10:00,-25,-25.6,0,-494.4,-545.0
19:11:00,-26,-32.4,0,-399.3,-457.7
19:12:00,-42,-78.3,0,-308.5,-428.8
19:13:00,-60,-87.4,0,-227.9,-375.3
19:14:00,-87,-60.9,0,-149.1,-297.0
19:15:00,-95,-18.6,0,-344.0,-457.6
19:16:00,-91,0.0,0,-364.1,-455.1
19:17:00,-97,0.0,0,-280.0,-377.0
19:18:00,-118,0.0,0,-356.3,-474.3
19:19:00,-109,0.0,0,-409.6,-518.6
19:20:00,-71,0.0,0,-392.4,-463.4
19:21:00,-47,-39.8,0,-402.3,-489.1
19:22:00,-26,-22.6,0,-364.4,-413.0
19:23:00,-60,0.0,0,-334.9,-394.9
19:24:00,-80,-1.2,0,-280.6,-361.8
19:25:00,-109,-0.9,0,-299.5,-409.4
19:26:00,-147,0.0,0,-340.8,-487.8
19:27:00,-175,-9.4,0,-274.0,-458.4
19:28:00,-206,-13.3,0,-274.0,-493.3
19:29:00,-228,-14.8,0,-302.5,-545.3
19:30:00,-237,-25.0,0,-330.7,-592.7
19:31:00,-233,-15.4,0,-459.4,-707.8
19:32:00,-204,-48.3,0,-472.9,-725.2
19:33:00,-149,-66.7,0,-452.0,-667.7
19:34:00,-108,-62.3,0,-466.0,-636.3
19:35:00,-99,-27.6,0,-447.6,-574.2
19:36:00,-93,-42.6,0,-438.2,-573.8
19:37:00,-111,-30.6,0,-451.7,-593.3
19:38:00,-138,-23.2,0,-428.5,-589.7
19:39:00,-163,-19.5,0,-479.3,-661.8
19:40:00,-173,-16.6,0,-433.1,-622.7
19:41:00,-195,-6.2,0,-402.2,-603.4
19:42:00,-218,0.0,0,-382.9,-600.9
19:43:00,-230,-1.1,0,-338.4,-569.5
19:44:00,-243,-3.1,0,-245.2,-491.3
19:45:00,-258,0.0,0,-179.4,-437.4
19:46:00,-259,-65.8,0,-267.8,-592.6
19:47:00,-252,-151.5,0,-304.6,-708.1
19:48:00,-219,-110.0,0,-301.0,-630.0
19:49:00,-200,-10.8,0,-268.6,-479.4
19:50:00,-196,-1.9,0,-212.3,-410.2
19:51:00,-203,0.0,0,-198.3,-401.3
19:52:00,-219,0.0,0,-170.3,-389.3
19:53:00,-221,0.0,0,-164.7,-385.7
19:54:00,-230,0.0,0,-126.9,-356.9
19:55:00,-237,0.0,0,-81.6,-318.6
19:56:00,-238,0.0,0,-119.6,-357.6
19:57:00,-214,-30.5,0,-178.0,-422.5
19:58:00,-151,0.0,0,-132.0,-283.0
19:59:00,-91,43.0,0,-121.4,-169.4
20:00:00,-54,-1.0,0,-103.3,-158.3
20:01:00,11,8.3,0,-322.0,-302.7
20:02:00,75,20.3,0,-263.1,-167.8
20:03:00,119,11.2,0,-320.4,-190.2
20:04:00,166,23.4,0,-304.4,-115.0
20:05:00,206,12.1,0,-350.7,-132.6
20:06:00,221,5.4,0,-339.1,-112.7
20:07:00,219,2.2,0,-436.7,-215.5
20:08:00,230,15.0,0,-389.5,-144.5
20:09:00,237,6.8,0,-399.0,-155.2
20:10:00,242,13.1,0,-466.8,-211.7
20:11:00,249,42.5,0,-493.9,-202.4
20:12:00,250,35.8,0,-591.0,-305.2
20:13:00,252,34.3,0,-599.0,-312.7
20:14:00,253,55.9,0,-663.4,-354.5
20:15:00,251,23.6,0,-690.6,-416.0
20:16:00,258,7.5,0,-681.9,-416.4
20:17:00,261,7.2,0,-725.5,-457.3
20:18:00,268,2.2,0,-752.8,-482.6
20:19:00,274,14.1,0,-780.3,-492.2
20:20:00,278,7.0,0,-838.9,-553.9
20:21:00,279,6.2,0,-884.4,-599.2
20:22:00,277,0.0,0,-947.9,-670.9
20:23:00,275,-39.0,0,-927.3,-691.3
20:24:00,260,-83.3,0,-917.4,-740.7
20:25:00,240,-68.2,0,-902.1,-730.3
20:26:00,205,-187.0,0,-785.4,-767.4
20:27:00,161,-208.9,0,-809.1,-857.0
20:28:00,123,-166.4,0,-833.7,-877.1
20:29:00,87,-202.8,0,-792.5,-908.3
20:30:00,39,-5.0,0,-552.5,-518.5
20:31:00,-49,-9.0,0,-547.5,-605.5
20:32:00,-99,-2.0,0,-554.5,-655.5
20:33:00,-121,-39.0,0,-518.5,-678.5
20:34:00,-90,-52.0,0,-505.5,-647.5
20:35:00,-64,-26.0,0,-531.5,-621.5
20:36:00,-61,-24.0,0,-533.5,-618.5
20:37:00,-83,-24.0,0,-533.5,-640.5
20:38:00,-107,-24.0,0,-533.5,-664.5
20:39:00,-116,-24.0,0,-533.5,-673.5
20:40:00,-122,-20.0,0,-535.5,-677.5
20:41:00,-122,-11.3,0,-545.2,-678.5
20:42:00,-114,0.0,0,-557.5,-671.5
20:43:00,-110,0.0,0,-555.5,-665.5
20:44:00,-117,0.0,0,-506.4,-623.4
20:45:00,-130,0.0,0,-290.0,-420.0
20:46:00,-170,0.0,0,-283.0,-453.0
20:47:00,-195,0.0,0,-275.0,-470.0
20:48:00,-206,0.0,0,-268.0,-474.0
20:49:00,-195,0.0,0,-238.2,-433.2
20:50:00,-186,0.0,0,-178.1,-364.1
20:51:00,-178,0.0,0,-156.4,-334.4
20:52:00,-185,0.0,0,-246.4,-431.4
20:53:00,-185,0.0,0,-177.4,-362.4
20:54:00,-198,0.0,0,-177.9,-375.9
20:55:00,-213,0.0,0,-137.8,-350.8
20:56:00,-237,0.0,0,-43.9,-280.9
20:57:00,-242,0.0,0,-53.7,-295.7
20:58:00,-255,0.0,0,-16.0,-271.0
20:59:00,-255,0.0,0,-8.5,-263.5
21:00:00,-243,0.0,0,-29.0,-272.0
21:01:00,-215,0.0,0,-29.0,-244.0
21:02:00,-160,22.3,0,-28.0,-165.7
21:03:00,-91,0.0,0,-29.0,-120.0
21:04:00,-51,0.0,0,-29.0,-80.0
21:05:00,-15,10.2,0,-40.2,-45.0
21:06:00,-2,0.0,0,-30.0,-32.0
21:07:00,-15,0.0,0,-30.0,-45.0
21:08:00,-38,0.0,0,-30.0,-68.0
21:09:00,-45,0.0,0,-30.0,-75.0
21:10:00,-47,0.0,0,-15.6,-62.6
21:11:00,-56,0.0,0,-31.1,-87.1
21:12:00,-53,0.0,0,-38.0,-91.0
21:13:00,-56,0.0,0,-39.4,-95.4
21:14:00,-58,0.0,0,-22.4,-80.4
21:15:00,-57,0.0,0,-68.0,-125.0
21:16:00,-62,0.0,0,-68.0,-130.0
21:17:00,-60,0.0,0,-68.0,-128.0
21:18:00,-58,0.0,0,-64.4,-122.4
21:19:00,-54,0.0,0,-59.4,-113.4
21:20:00,-54,0.0,0,-55.4,-109.4
21:21:00,-58,0.0,0,-55.4,-113.4
21:22:00,-72,0.0,0,-55.4,-127.4
21:23:00,-76,0.0,0,-55.4,-131.4
21:24:00,-68,0.0,0,-55.4,-123.4
21:25:00,-71,0.0,0,-55.4,-126.4
21:26:00,-69,0.0,0,-55.4,-124.4
21:27:00,-68,0.0,0,-55.4,-123.4
21:28:00,-65,0.0,0,-55.4,-120.4
21:29:00,-60,0.0,0,-55.4,-115.4
21:30:00,-56,0.0,0,-107.8,-163.8
21:31:00,-13,0.6,0,-108.4,-120.8
21:32:00,-10,3.1,0,-110.9,-117.8
21:33:00,-5,0.0,0,-107.8,-112.8
21:34:00,-11,0.0,0,-107.8,-118.8
21:35:00,-17,0.0,0,-107.8,-124.8
21:36:00,-28,0.0,0,-107.8,-135.8
21:37:00,-22,0.0,0,-107.8,-129.8
21:38:00,-37,0.0,0,-107.8,-144.8
21:39:00,-44,0.0,0,-107.8,-151.8
21:40:00,-64,0.0,0,-107.8,-171.8
21:41:00,-89,0.0,0,-107.8,-196.8
21:42:00,-99,0.0,0,-107.8,-206.8
21:43:00,-105,0.0,0,-107.8,-212.8
21:44:00,-103,0.0,0,-107.8,-210.8
21:45:00,-100,0.0,0,-130.0,-230.0
21:46:00,-105,0.0,0,-130.0,-235.0
21:47:00,-111,0.0,0,-130.0,-241.0
21:48:00,-110,0.0,0,-130.0,-240.0
21:49:00,-107,0.0,0,-130.0,-237.0
21:50:00,-106,0.0,0,-130.0,-236.0
21:51:00,-110,0.0,0,-130.0,-240.0
21:52:00,-117,0.0,0,-130.0,-247.0
21:53:00,-124,0.0,0,-130.0,-254.0
21:54:00,-138,0.0,0,-130.0,-268.0
21:55:00,-156,0.0,0,-130.0,-286.0
21:56:00,-163,0.0,0,-130.0,-293.0
21:57:00,-178,0.0,0,-130.0,-308.0
21:58:00,-179,0.0,0,-130.0,-309.0
21:59:00,-189,0.0,0,-130.0,-319.0
22:00:00,-210,0.0,0,0.0,-210.0
22:01:00,-287,0.0,0,0.0,-287.0
22:02:00,-399,0.0,0,0.0,-399.0
22:03:00,-493,0.0,0,0.0,-493.0
22:04:00,-581,0.0,0,0.0,-581.0
22:05:00,-635,0.0,0,0.0,-635.0
22:06:00,-589,0.0,0,0.0,-589.0
22:07:00,-531,0.0,0,0.0,-531.0
22:08:00,-463,0.0,0,0.0,-463.0
22:09:00,-384,0.0,0,0.0,-384.0
22:10:00,-288,0.0,0,0.0,-288.0
22:11:00,-200,0.0,0,0.2,-199.8
22:12:00,-153,0.0,0,0.0,-153.0
22:13:00,-153,0.0,0,0.0,-153.0
22:14:00,-174,0.0,0,0.0,-174.0
22:15:00,-186,0.0,0,0.0,-186.0
22:16:00,-209,0.0,0,0.0,-209.0
22:17:00,-250,0.0,0,0.0,-250.0
22:18:00,-292,0.0,0,0.0,-292.0
22:19:00,-340,0.0,0,0.0,-340.0
22:20:00,-369,0.0,0,0.0,-369.0
22:21:00,-375,0.0,0,0.0,-375.0
22:22:00,-363,0.0,0,0.0,-363.0
22:23:00,-347,0.0,0,0.0,-347.0
22:24:00,-330,0.0,0,0.0,-330.0
22:25:00,-308,0.0,0,26.6,-281.4
22:26:00,-283,0.0,0,0.0,-283.0
22:27:00,-264,0.0,0,1.9,-262.1
22:28:00,-248,0.0,0,64.3,-183.7
22:29:00,-240,0.0,0,69.2,-170.8
22:30:00,-240,0.0,0,10.3,-229.7
22:31:00,-243,0.0,0,35.4,-207.6
22:32:00,-242,0.0,0,0.0,-242.0
22:33:00,-238,0.0,0,0.0,-238.0
22:34:00,-233,0.0,0,0.0,-233.0
22:35:00,-220,0.0,0,0.0,-220.0
22:36:00,-212,0.0,0,0.0,-212.0
22:37:00,-197,0.0,0,0.0,-197.0
22:38:00,-200,0.0,0,0.0,-200.0
22:39:00,-225,0.0,0,0.0,-225.0
22:40:00,-246,0.0,0,0.0,-246.0
22:41:00,-266,0.0,0,0.0,-266.0
22:42:00,-273,0.0,0,0.0,-273.0
22:43:00,-280,0.0,0,0.0,-280.0
22:44:00,-285,0.0,0,0.0,-285.0
22:45:00,-298,0.0,0,0.0,-298.0
22:46:00,-312,0.0,0,0.0,-312.0
22:47:00,-321,0.0,0,0.0,-321.0
22:48:00,-325,0.0,0,0.0,-325.0
22:49:00,-326,0.0,0,0.0,-326.0
22:50:00,-330,0.0,0,0.0,-330.0
22:51:00,-327,0.0,0,0.0,-327.0
22:52:00,-318,0.0,0,0.0,-318.0
22:53:00,-312,0.0,0,0.0,-312.0
22:54:00,-300,0.0,0,0.0,-300.0
22:55:00,-294,0.0,0,0.0,-294.0
22:56:00,-286,0.0,0,0.0,-286.0
22:57:00,-277,0.0,0,0.0,-277.0
22:58:00,-254,0.0,0,0.0,-254.0
22:59:00,-216,0.0,0,0.0,-216.0
