time_start_cet,time_end_cet,isp,power_in_afrr_mw,power_out_afrr_mw,power_in_igcc_mw,power_out_igcc_mw,power_in_mfrrda_mw,power_out_mfrrda_mw,highest_upward_regulation_price_eur_mwh,lowest_downward_regulation_price_eur_mwh,mid_price_eur_mwh,picasso_in_mw,picasso_out_mw
00:00:00,00:01:00,1,0,181,0.0,0.0,0,0,,2.8,61.5,0.0,179.0
00:01:00,00:02:00,2,0,326,0.0,0.0,0,0,,2.8,61.5,0.0,171.6
00:02:00,00:03:00,3,0,454,0.0,0.0,0,0,,2.8,61.5,0.0,179.0
00:03:00,00:04:00,4,0,541,0.0,0.0,0,0,,2.8,61.5,0.0,179.0
00:04:00,00:05:00,5,0,586,0.0,0.0,0,0,,2.8,61.5,0.0,179.0
00:05:00,00:06:00,6,0,605,0.0,0.0,0,0,,3.3,61.5,0.0,179.0
00:06:00,00:07:00,7,0,592,0.0,0.0,0,0,,3.3,61.5,0.0,179.0
00:07:00,00:08:00,8,0,567,0.0,0.0,0,0,,3.3,61.5,0.0,179.0
00:08:00,00:09:00,9,0,527,0.0,0.0,0,0,,3.87,61.5,0.0,179.0
00:09:00,00:10:00,10,0,460,0.0,0.0,0,0,,10.28,61.5,0.0,179.0
00:10:00,00:11:00,11,0,389,0.0,0.0,0,0,,12.3,61.5,0.0,139.8
00:11:00,00:12:00,12,0,303,0.0,0.0,0,0,,27.4,61.5,0.0,75.3
00:12:00,00:13:00,13,0,235,0.0,0.0,0,0,,36.54,61.5,0.0,96.0
00:13:00,00:14:00,14,0,186,0.0,0.0,0,0,,51.54,61.5,0.0,61.2
00:14:00,00:15:00,15,0,156,0.0,0.0,0,0,,61.54,61.5,0.0,21.3
00:15:00,00:16:00,16,0,142,7.2,0.0,0,0,,69.26,60.5,0.0,235.1
00:16:00,00:17:00,17,0,85,0.1,0.0,0,0,,69.26,60.5,0.0,325.4
00:17:00,00:18:00,18,6,61,1.8,0.0,0,0,79.07,69.26,60.5,0.0,224.1
00:18:00,00:19:00,19,9,40,7.0,0.0,0,0,76.42,69.26,60.5,0.0,295.3
00:19:00,00:20:00,20,13,18,5.5,0.0,0,0,76.42,69.26,60.5,0.0,418.6
00:20:00,00:21:00,21,26,0,5.0,0.0,0,0,114.88,,60.5,0.0,382.3
00:21:00,00:22:00,22,37,0,0.8,0.0,0,0,100.0,,60.5,0.0,429.1
00:22:00,00:23:00,23,54,0,2.5,0.0,0,0,114.88,,60.5,0.0,355.6
00:23:00,00:24:00,24,52,0,0.0,0.0,0,0,79.07,,60.5,0.0,353.4
00:24:00,00:25:00,25,42,0,0.0,0.4,0,0,79.07,,60.5,0.0,375.6
00:25:00,00:26:00,26,30,4,0.0,3.6,0,0,79.07,78.0,60.5,0.0,390.5
00:26:00,00:27:00,27,18,2,0.0,1.9,0,0,79.07,82.0,60.5,0.0,375.8
00:27:00,00:28:00,28,9,5,0.0,0.0,0,0,76.42,82.0,60.5,0.0,428.2
00:28:00,00:29:00,29,2,9,2.0,0.0,0,0,76.42,79.65,60.5,0.0,413.3
00:29:00,00:30:00,30,0,8,0.0,0.0,0,0,,82.0,60.5,0.0,428.2
00:30:00,00:31:00,31,0,4,11.0,0.0,0,0,,,60.5,0.0,532.6
00:31:00,00:32:00,32,20,0,7.4,0.0,0,0,140.9,,60.5,0.0,543.7
00:32:00,00:33:00,33,52,0,1.0,0.0,0,0,140.9,,60.5,0.0,417.9
00:33:00,00:34:00,34,55,0,0.2,0.0,0,0,115.99,,60.5,0.0,338.5
00:34:00,00:35:00,35,46,0,0.0,0.0,0,0,111.29,,60.5,0.0,465.0
00:35:00,00:36:00,36,35,0,0.0,0.0,0,0,111.29,,60.5,0.0,409.1
00:36:00,00:37:00,37,20,0,0.0,0.0,0,0,77.78,,60.5,0.0,402.0
00:37:00,00:38:00,38,11,0,0.0,1.1,0,0,76.28,,60.5,0.0,389.9
00:38:00,00:39:00,39,4,2,0.0,4.1,0,0,76.28,82.0,60.5,0.0,369.4
00:39:00,00:40:00,40,2,13,0.0,7.0,0,0,40.0,79.65,60.5,0.0,316.1
00:40:00,00:41:00,41,0,21,0.0,4.1,0,0,,77.0,60.5,0.0,296.7
00:41:00,00:42:00,42,0,55,0.0,26.2,0,0,,76.65,60.5,0.0,294.9
00:42:00,00:43:00,43,0,65,0.0,28.8,0,0,,75.68,60.5,0.0,188.6
00:43:00,00:44:00,44,0,91,0.0,27.4,0,0,,68.54,60.5,0.0,272.0
00:44:00,00:45:00,45,0,104,0.0,36.5,0,0,,70.28,60.5,0.0,193.3
00:45:00,00:46:00,46,0,110,0.0,73.2,0,0,,72.08,59.33,0.0,140.4
00:46:00,00:47:00,47,0,69,0.0,0.0,0,0,,72.08,59.33,0.0,218.4
00:47:00,00:48:00,48,0,57,0.0,0.0,0,0,,72.08,59.33,0.0,269.3
00:48:00,00:49:00,49,0,35,0.0,0.0,0,0,,76.58,59.33,0.0,101.0
00:49:00,00:50:00,50,0,23,0.0,31.5,0,0,,77.48,59.33,0.0,183.6
00:50:00,00:51:00,51,0,13,0.0,0.0,0,0,,77.48,59.33,0.0,175.0
00:51:00,00:52:00,52,0,4,0.0,0.0,0,0,,79.65,59.33,0.0,210.9
00:52:00,00:53:00,53,0,0,4.7,0.0,0,0,,,59.33,0.0,179.9
00:53:00,00:54:00,54,0,0,0.0,0.0,0,0,,,59.33,0.0,294.3
00:54:00,00:55:00,55,0,0,2.1,0.0,0,0,,,59.33,0.0,232.8
00:55:00,00:56:00,56,0,0,1.8,0.0,0,0,,,59.33,0.0,213.9
00:56:00,00:57:00,57,5,0,9.5,0.0,0,0,128.0,,59.33,0.0,248.4
00:57:00,00:58:00,58,46,0,13.4,0.0,0,0,140.35,,59.33,0.0,158.4
00:58:00,00:59:00,59,69,0,19.0,0.0,0,0,140.25,,59.33,0.0,250.3
00:59:00,01:00:00,60,89,0,23.8,0.0,0,0,140.9,,59.33,0.0,613.8
01:00:00,01:01:00,61,111,0,6.4,0.0,0,0,140.9,,59.33,0.0,379.0
01:01:00,01:02:00,62,102,0,0.0,0.0,0,0,140.9,,59.33,0.0,574.7
01:02:00,01:03:00,63,153,0,7.7,0.0,0,0,140.9,,59.33,0.0,534.3
01:03:00,01:04:00,64,184,0,21.6,0.0,0,0,140.9,,59.33,0.0,610.7
01:04:00,01:05:00,65,220,0,24.9,0.0,0,0,141.47,,59.33,0.0,667.3
01:05:00,01:06:00,66,258,0,12.6,0.0,0,0,148.0,,59.33,0.0,728.6
01:06:00,01:07:00,67,293,0,16.3,0.0,0,0,150.0,,59.33,0.0,778.8
01:07:00,01:08:00,68,306,0,26.7,0.0,0,0,150.0,,59.33,0.0,620.5
01:08:00,01:09:00,69,276,0,12.7,0.0,0,0,150.0,,59.33,0.0,603.3
01:09:00,01:10:00,70,254,0,15.8,0.0,0,0,148.0,,59.33,0.0,589.0
01:10:00,01:11:00,71,231,0,6.5,0.0,0,0,140.9,,59.33,0.0,397.0
01:11:00,01:12:00,72,179,0,5.5,0.0,0,0,140.9,,59.33,0.0,340.2
01:12:00,01:13:00,73,144,0,9.3,0.0,0,0,140.9,,59.33,0.0,348.3
01:13:00,01:14:00,74,116,0,9.2,0.0,0,0,140.9,,59.33,0.0,309.6
01:14:00,01:15:00,75,91,0,1.5,0.0,0,0,140.9,,59.33,0.0,197.8
01:15:00,01:16:00,76,65,0,1.3,0.0,0,0,124.0,,71.52,0.0,248.0
01:16:00,01:17:00,77,54,0,3.2,0.0,0,0,121.0,,71.52,0.0,220.0
01:17:00,01:18:00,78,45,0,7.4,0.0,0,0,139.5,,71.52,0.0,169.1
01:18:00,01:19:00,79,32,0,6.0,0.0,0,0,139.5,,71.52,0.0,116.4
01:19:00,01:20:00,80,69,0,13.9,0.0,0,0,139.8,,71.52,0.0,188.2
01:20:00,01:21:00,81,74,0,13.7,0.0,0,0,139.6,,71.52,0.0,97.2
01:21:00,01:22:00,82,57,0,1.0,0.0,0,0,139.5,,71.52,0.0,25.0
01:22:00,01:23:00,83,34,0,7.4,0.0,0,0,139.5,,71.52,0.0,122.8
01:23:00,01:24:00,84,28,0,3.0,0.0,0,0,124.0,,71.52,0.0,154.2
01:24:00,01:25:00,85,49,0,18.1,0.0,0,0,139.6,,71.52,0.0,204.1
01:25:00,01:26:00,86,62,0,33.8,0.0,0,0,139.7,,71.52,0.0,296.8
01:26:00,01:27:00,87,82,0,26.8,0.0,0,0,140.0,,71.52,0.0,219.8
01:27:00,01:28:00,88,102,0,23.7,0.0,0,0,140.9,,71.52,0.0,276.8
01:28:00,01:29:00,89,153,0,20.2,0.0,0,0,140.9,,71.52,0.0,274.1
01:29:00,01:30:00,90,173,0,12.6,0.0,0,0,140.9,,71.52,0.0,155.7
01:30:00,01:31:00,91,138,0,15.3,0.0,0,0,140.9,,72.93,0.0,307.4
01:31:00,01:32:00,92,190,0,7.8,0.0,0,0,140.9,,72.93,0.0,319.6
01:32:00,01:33:00,93,231,0,3.2,0.0,0,0,150.0,,72.93,0.0,378.2
01:33:00,01:34:00,94,277,0,2.8,0.0,0,0,150.0,,72.93,0.0,331.0
01:34:00,01:35:00,95,311,0,2.5,0.0,0,0,150.0,,72.93,0.0,365.6
01:35:00,01:36:00,96,309,0,7.3,0.0,0,0,150.0,,72.93,0.0,354.6
01:36:00,01:37:00,97,292,0,8.3,0.0,0,0,150.0,,72.93,0.0,334.4
01:37:00,01:38:00,98,279,0,2.3,0.0,0,0,140.9,,72.93,0.0,321.3
01:38:00,01:39:00,99,280,0,7.3,0.0,0,0,140.9,,72.93,0.0,453.5
01:39:00,01:40:00,100,271,0,15.5,0.0,0,0,140.9,,72.93,0.0,458.2
01:40:00,01:41:00,101,270,0,18.6,0.0,0,0,140.9,,72.93,0.0,367.2
01:41:00,01:42:00,102,250,0,13.7,0.0,0,0,140.9,,72.93,0.0,324.1
01:42:00,01:43:00,103,213,0,10.5,0.0,0,0,140.9,,72.93,0.0,248.1
01:43:00,01:44:00,104,172,0,13.5,0.0,0,0,140.9,,72.93,0.0,221.1
01:44:00,01:45:00,105,151,0,3.2,0.0,0,0,140.9,,72.93,0.0,215.6
01:45:00,01:46:00,106,135,0,0.0,0.0,0,0,140.79,,60.31,0.0,284.7
01:46:00,01:47:00,107,187,0,0.0,0.0,0,0,140.9,,60.31,0.0,279.0
01:47:00,01:48:00,108,204,0,2.4,0.0,0,0,140.9,,60.31,0.0,301.3
01:48:00,01:49:00,109,229,0,0.0,0.0,0,0,140.9,,60.31,0.0,369.5
01:49:00,01:50:00,110,241,0,0.0,0.0,0,0,140.9,,60.31,0.0,239.0
01:50:00,01:51:00,111,232,0,0.0,0.0,0,0,140.9,,60.31,0.0,248.5
01:51:00,01:52:00,112,235,0,0.0,0.0,0,0,140.9,,60.31,0.0,265.5
01:52:00,01:53:00,113,251,0,0.0,0.0,0,0,150.0,,60.31,0.0,281.5
01:53:00,01:54:00,114,267,0,0.0,0.0,0,0,140.9,,60.31,0.0,228.3
01:54:00,01:55:00,115,272,0,0.0,0.0,0,0,150.0,,60.31,0.0,385.4
01:55:00,01:56:00,116,305,0,8.5,0.0,0,0,150.0,,60.31,0.0,419.1
01:56:00,01:57:00,117,331,0,0.0,0.0,0,0,150.0,,60.31,0.0,365.2
01:57:00,01:58:00,118,315,0,32.7,0.0,0,0,150.0,,60.31,0.0,203.5
01:58:00,01:59:00,119,273,0,12.3,0.0,0,0,140.9,,60.31,0.0,88.9
01:59:00,02:00:00,120,194,0,10.2,0.0,0,0,140.9,,60.31,0.0,101.7
02:00:00,02:01:00,121,143,0,0.0,0.0,0,0,134.0,,60.5,0.0,1.0
02:01:00,02:02:00,122,92,0,0.0,0.0,0,0,134.0,,60.5,48.1,0.0
02:02:00,02:03:00,123,44,0,0.0,0.0,0,0,134.0,,60.5,97.8,0.0
02:03:00,02:04:00,124,50,0,0.0,0.0,0,0,140.9,,60.5,0.0,10.4
02:04:00,02:05:00,125,99,0,12.6,0.0,0,0,140.9,,60.5,0.0,107.4
02:05:00,02:06:00,126,138,0,4.6,0.0,0,0,140.9,,60.5,47.0,0.0
02:06:00,02:07:00,127,129,0,6.7,0.0,0,0,140.9,,60.5,162.7,0.0
02:07:00,02:08:00,128,103,0,0.0,0.0,0,0,136.9,,60.5,202.8,0.0
02:08:00,02:09:00,129,86,0,0.0,0.0,0,0,136.9,,60.5,234.5,0.0
02:09:00,02:10:00,130,67,0,0.0,0.0,0,0,136.9,,60.5,192.3,0.0
02:10:00,02:11:00,131,48,0,0.0,0.0,0,0,134.0,,60.5,221.4,0.0
02:11:00,02:12:00,132,37,0,0.0,0.0,0,0,134.0,,60.5,252.0,0.0
02:12:00,02:13:00,133,24,0,0.0,0.0,0,0,115.0,,60.5,200.2,0.0
02:13:00,02:14:00,134,18,0,0.0,25.8,0,0,115.0,,60.5,339.0,0.0
02:14:00,02:15:00,135,9,0,0.0,4.0,0,0,115.0,,60.5,279.9,0.0
02:15:00,02:16:00,136,2,0,0.0,0.0,0,0,,,65.5,247.6,0.0
02:16:00,02:17:00,137,0,0,3.0,0.0,0,0,,,65.5,238.4,0.0
02:17:00,02:18:00,138,1,0,4.0,0.0,0,0,108.9,,65.5,267.3,0.0
02:18:00,02:19:00,139,2,0,1.6,0.0,0,0,108.9,,65.5,261.9,0.0
02:19:00,02:20:00,140,3,0,3.2,0.0,0,0,108.9,,65.5,350.0,0.0
02:20:00,02:21:00,141,4,0,0.4,0.0,0,0,108.9,,65.5,253.9,0.0
02:21:00,02:22:00,142,9,0,0.9,0.0,0,0,108.9,,65.5,263.0,0.0
02:22:00,02:23:00,143,7,0,2.3,0.0,0,0,108.9,,65.5,198.2,0.0
02:23:00,02:24:00,144,8,0,2.4,0.0,0,0,40.0,,65.5,206.3,0.0
02:24:00,02:25:00,145,7,0,2.9,0.0,0,0,40.0,,65.5,194.1,0.0
02:25:00,02:26:00,146,6,0,2.5,0.0,0,0,40.0,,65.5,130.9,0.0
02:26:00,02:27:00,147,4,0,5.0,0.0,0,0,40.0,,65.5,89.1,0.0
02:27:00,02:28:00,148,3,0,8.0,0.0,0,0,40.0,,65.5,48.1,0.0
02:28:00,02:29:00,149,1,0,5.9,0.0,0,0,40.0,,65.5,20.0,0.0
02:29:00,02:30:00,150,0,0,5.4,0.0,0,0,,,65.5,62.9,0.0
02:30:00,02:31:00,151,0,0,2.3,0.0,0,0,,,69.5,62.1,0.0
02:31:00,02:32:00,152,1,0,19.5,0.0,0,0,40.0,,69.5,12.6,0.0
02:32:00,02:33:00,153,8,0,0.0,0.0,0,0,105.4,,69.5,17.8,0.0
02:33:00,02:34:00,154,20,0,10.6,0.0,0,0,105.4,,69.5,48.9,0.0
02:34:00,02:35:00,155,32,0,7.8,0.0,0,0,105.4,,69.5,62.7,0.0
02:35:00,02:36:00,156,40,0,6.4,0.0,0,0,105.4,,69.5,60.6,0.0
02:36:00,02:37:00,157,37,0,10.1,0.0,0,0,105.4,,69.5,36.5,0.0
02:37:00,02:38:00,158,31,0,3.1,0.0,0,0,105.4,,69.5,69.2,0.0
02:38:00,02:39:00,159,22,0,1.8,0.0,0,0,103.59,,69.5,97.0,0.0
02:39:00,02:40:00,160,15,0,0.0,30.0,0,0,103.59,,69.5,94.7,0.0
02:40:00,02:41:00,161,9,0,0.0,25.7,0,0,103.59,,69.5,26.5,0.0
02:41:00,02:42:00,162,3,0,12.4,0.0,0,0,40.0,,69.5,9.3,0.0
02:42:00,02:43:00,163,2,0,0.0,30.1,0,0,40.0,,69.5,48.9,0.0
02:43:00,02:44:00,164,0,0,0.0,38.0,0,0,,,69.5,56.1,0.0
02:44:00,02:45:00,165,0,5,0.0,14.8,0,0,,99.0,69.5,15.7,0.0
02:45:00,02:46:00,166,0,0,0.0,1.8,0,0,,,68.5,28.4,0.0
02:46:00,02:47:00,167,0,0,0.0,8.0,0,0,,,68.5,144.3,0.0
02:47:00,02:48:00,168,0,0,0.0,2.1,0,0,,,68.5,112.1,0.0
02:48:00,02:49:00,169,0,0,0.0,3.9,0,0,,,68.5,158.0,0.0
02:49:00,02:50:00,170,0,0,0.0,2.2,0,0,,,68.5,187.3,0.0
02:50:00,02:51:00,171,0,1,0.0,0.8,0,0,,97.0,68.5,138.0,0.0
02:51:00,02:52:00,172,0,0,0.0,1.9,0,0,,,68.5,229.6,0.0
02:52:00,02:53:00,173,0,0,0.0,8.0,0,0,,,68.5,200.5,0.0
02:53:00,02:54:00,174,0,8,0.0,4.5,0,0,,79.65,68.5,221.8,0.0
02:54:00,02:55:00,175,0,13,0.0,6.7,0,0,,79.65,68.5,190.6,0.0
02:55:00,02:56:00,176,0,16,0.0,8.0,0,0,,79.65,68.5,15.6,0.0
02:56:00,02:57:00,177,0,16,0.0,6.3,0,0,,79.65,68.5,0.0,8.8
02:57:00,02:58:00,178,0,16,0.0,0.9,0,0,,79.65,68.5,119.1,0.0
02:58:00,02:59:00,179,0,25,0.0,8.4,0,0,,76.63,68.5,104.5,0.0
02:59:00,03:00:00,180,0,38,0.0,7.4,0,0,,76.58,68.5,115.6,0.0
03:00:00,03:01:00,181,0,49,0.0,4.5,0,0,,75.68,68.0,206.3,0.0
03:01:00,03:02:00,182,0,61,0.0,7.5,0,0,,73.88,68.0,117.7,0.0
03:02:00,03:03:00,183,0,66,0.0,7.2,0,0,,74.78,68.0,169.2,0.0
03:03:00,03:04:00,184,0,72,0.0,6.8,0,0,,73.88,68.0,85.6,0.0
03:04:00,03:05:00,185,0,72,0.0,14.2,0,0,,74.78,68.0,65.6,0.0
03:05:00,03:06:00,186,0,71,0.0,15.8,0,0,,74.78,68.0,136.1,0.0
03:06:00,03:07:00,187,0,66,0.0,7.7,0,0,,74.78,68.0,62.4,0.0
03:07:00,03:08:00,188,0,51,0.0,2.6,0,0,,75.68,68.0,95.4,0.0
03:08:00,03:09:00,189,0,33,0.0,13.5,0,0,,75.68,68.0,76.9,0.0
03:09:00,03:10:00,190,0,21,0.0,7.5,0,0,,76.63,68.0,124.6,0.0
03:10:00,03:11:00,191,0,10,0.0,11.4,0,0,,77.48,68.0,115.7,0.0
03:11:00,03:12:00,192,0,2,0.0,16.7,0,0,,79.65,68.0,86.4,0.0
03:12:00,03:13:00,193,0,1,0.0,17.3,0,0,,,68.0,159.8,0.0
03:13:00,03:14:00,194,0,12,0.0,15.2,0,0,,79.65,68.0,72.1,0.0
03:14:00,03:15:00,195,0,15,0.0,14.1,0,0,,79.65,68.0,182.0,0.0
03:15:00,03:16:00,196,0,24,0.0,12.2,0,0,,79.63,68.0,229.7,0.0
03:16:00,03:17:00,197,0,42,0.0,15.7,0,0,,77.48,68.0,167.0,0.0
03:17:00,03:18:00,198,0,62,0.0,16.1,0,0,,76.63,68.0,104.9,0.0
03:18:00,03:19:00,199,0,90,0.0,19.0,0,0,,71.63,68.0,62.9,0.0
03:19:00,03:20:00,200,0,94,0.0,11.0,0,0,,76.58,68.0,83.1,0.0
03:20:00,03:21:00,201,0,110,0.0,14.1,0,0,,73.88,68.0,3.7,0.0
03:21:00,03:22:00,202,0,108,0.0,13.9,0,0,,76.58,68.0,44.0,0.0
03:22:00,03:23:00,203,0,109,0.0,16.8,0,0,,76.58,68.0,35.5,0.0
03:23:00,03:24:00,204,0,111,0.0,14.3,0,0,,75.68,68.0,56.2,0.0
03:24:00,03:25:00,205,0,114,0.0,26.0,0,0,,75.68,68.0,58.2,0.0
03:25:00,03:26:00,206,0,113,0.0,27.0,0,0,,76.58,68.0,41.6,0.0
03:26:00,03:27:00,207,0,118,0.0,27.0,0,0,,73.88,68.0,113.6,0.0
03:27:00,03:28:00,208,0,128,0.0,29.9,0,0,,71.28,68.0,121.7,0.0
03:28:00,03:29:00,209,0,141,0.0,55.5,0,0,,71.28,68.0,9.4,0.0
03:29:00,03:30:00,210,0,141,0.0,57.0,0,0,,71.28,68.0,47.2,0.0
03:30:00,03:31:00,211,0,138,0.0,29.4,0,0,,74.78,67.5,0.0,129.5
03:31:00,03:32:00,212,0,114,0.0,35.8,0,0,,74.78,67.5,0.0,183.4
03:32:00,03:33:00,213,0,86,0.0,35.6,0,0,,74.78,67.5,0.0,211.5
03:33:00,03:34:00,214,0,58,0.0,4.0,0,0,,74.78,67.5,0.0,269.9
03:34:00,03:35:00,215,0,29,0.0,4.9,0,0,,75.78,67.5,0.0,346.0
03:35:00,03:36:00,216,0,7,0.0,6.9,0,0,,79.38,67.5,0.0,342.9
03:36:00,03:37:00,217,0,1,0.0,28.8,0,0,,79.65,67.5,0.0,279.8
03:37:00,03:38:00,218,0,18,0.0,65.8,0,0,,79.38,67.5,0.0,219.2
03:38:00,03:39:00,219,0,40,0.0,56.9,0,0,,74.08,67.5,0.0,231.9
03:39:00,03:40:00,220,0,52,0.0,50.0,0,0,,75.78,67.5,0.0,279.8
03:40:00,03:41:00,221,0,56,0.0,47.0,0,0,,76.63,67.5,0.0,272.1
03:41:00,03:42:00,222,0,65,0.0,48.9,0,0,,79.28,67.5,0.0,293.2
03:42:00,03:43:00,223,0,64,0.0,32.9,0,0,,79.38,67.5,0.0,279.1
03:43:00,03:44:00,224,0,68,0.0,9.7,0,0,,75.78,67.5,0.0,243.2
03:44:00,03:45:00,225,0,86,0.0,5.6,0,0,,73.98,67.5,0.0,252.4
03:45:00,03:46:00,226,0,95,0.0,8.6,0,0,,72.14,66.0,0.0,342.9
03:46:00,03:47:00,227,0,95,0.0,10.5,0,0,,72.14,66.0,0.0,329.9
03:47:00,03:48:00,228,0,98,0.0,11.7,0,0,,72.14,66.0,0.0,347.5
03:48:00,03:49:00,229,0,106,0.0,14.1,0,0,,72.14,66.0,0.0,381.2
03:49:00,03:50:00,230,0,116,0.0,9.3,0,0,,72.14,66.0,0.0,343.1
03:50:00,03:51:00,231,0,119,0.0,7.5,0,0,,72.14,66.0,0.0,417.4
03:51:00,03:52:00,232,0,113,0.0,11.1,0,0,,72.98,66.0,0.0,486.3
03:52:00,03:53:00,233,0,108,0.0,5.6,0,0,,73.83,66.0,0.0,545.0
03:53:00,03:54:00,234,0,101,0.0,4.6,0,0,,73.83,66.0,0.0,576.0
03:54:00,03:55:00,235,0,91,0.0,7.0,0,0,,73.83,66.0,0.0,572.2
03:55:00,03:56:00,236,0,78,0.0,0.0,0,0,,73.83,66.0,0.0,589.9
03:56:00,03:57:00,237,0,66,0.0,0.0,0,0,,73.88,66.0,0.0,589.9
03:57:00,03:58:00,238,0,76,0.0,0.8,0,0,,72.14,66.0,0.0,582.3
03:58:00,03:59:00,239,0,93,0.0,0.0,0,0,,72.08,66.0,0.0,589.9
03:59:00,04:00:00,240,0,120,0.0,0.0,0,0,,63.75,66.0,0.0,589.9
04:00:00,04:01:00,241,0,160,0.0,0.8,0,0,,66.83,70.0,0.0,507.3
04:01:00,04:02:00,242,0,191,0.0,0.0,0,0,,68.38,70.0,0.0,651.0
04:02:00,04:03:00,243,0,199,0.0,0.0,0,0,,68.63,70.0,0.0,651.0
04:03:00,04:04:00,244,0,203,0.0,4.7,0,0,,68.63,70.0,0.0,651.0
04:04:00,04:05:00,245,0,218,0.0,0.0,0,0,,66.83,70.0,0.0,651.0
04:05:00,04:06:00,246,0,216,0.0,0.0,0,0,,68.63,70.0,0.0,651.0
04:06:00,04:07:00,247,0,210,0.0,0.0,0,0,,68.63,70.0,0.0,651.0
04:07:00,04:08:00,248,0,207,0.0,0.0,0,0,,70.28,70.0,0.0,651.0
04:08:00,04:09:00,249,0,206,0.0,0.0,0,0,,71.18,70.0,0.0,651.0
04:09:00,04:10:00,250,0,206,0.0,0.0,0,0,,71.18,70.0,0.0,651.0
04:10:00,04:11:00,251,0,205,0.0,0.0,0,0,,71.18,70.0,0.0,651.0
04:11:00,04:12:00,252,0,200,0.0,0.0,0,0,,71.18,70.0,0.0,651.0
04:12:00,04:13:00,253,0,196,0.0,0.0,0,0,,71.63,70.0,0.0,651.0
04:13:00,04:14:00,254,0,195,0.0,0.0,0,0,,71.63,70.0,0.0,651.0
04:14:00,04:15:00,255,0,201,0.0,0.0,0,0,,71.18,70.0,0.0,651.0
04:15:00,04:16:00,256,0,211,0.0,7.4,0,0,,61.63,70.0,0.0,636.6
04:16:00,04:17:00,257,0,235,0.0,0.0,0,0,,59.25,70.0,0.0,644.0
04:17:00,04:18:00,258,0,261,0.0,8.8,0,0,,59.25,70.0,0.0,635.2
04:18:00,04:19:00,259,0,287,0.0,0.0,0,0,,59.25,70.0,0.0,644.0
04:19:00,04:20:00,260,0,293,0.0,13.4,0,0,,59.25,70.0,0.0,630.6
04:20:00,04:21:00,261,0,294,0.0,28.1,0,0,,61.52,70.0,0.0,607.8
04:21:00,04:22:00,262,0,287,0.0,28.6,0,0,,61.52,70.0,0.0,588.6
04:22:00,04:23:00,263,0,282,0.0,33.2,0,0,,61.63,70.0,0.0,581.1
04:23:00,04:24:00,264,0,274,0.0,38.2,0,0,,61.63,70.0,0.0,504.2
04:24:00,04:25:00,265,0,270,0.0,0.0,0,0,,62.25,70.0,0.0,644.0
04:25:00,04:26:00,266,0,261,0.0,0.0,0,0,,62.83,70.0,0.0,644.0
04:26:00,04:27:00,267,0,257,0.0,0.0,0,0,,63.28,70.0,0.0,644.0
04:27:00,04:28:00,268,0,251,0.0,0.0,0,0,,64.01,70.0,0.0,644.0
04:28:00,04:29:00,269,0,247,0.0,0.0,0,0,,64.01,70.0,0.0,644.0
04:29:00,04:30:00,270,0,236,0.0,0.0,0,0,,64.01,70.0,0.0,644.0
04:30:00,04:31:00,271,0,230,0.0,41.9,0,0,,65.19,70.0,0.0,414.8
04:31:00,04:32:00,272,0,232,0.0,77.6,0,0,,65.19,70.0,0.0,431.7
04:32:00,04:33:00,273,0,211,0.0,25.6,0,0,,65.19,70.0,0.0,657.4
04:33:00,04:34:00,274,0,165,0.0,16.2,0,0,,65.19,70.0,0.0,614.7
04:34:00,04:35:00,275,0,111,0.0,24.7,0,0,,66.48,70.0,0.0,547.4
04:35:00,04:36:00,276,0,77,0.0,20.8,0,0,,68.38,70.0,0.0,577.6
04:36:00,04:37:00,277,0,33,0.0,23.2,0,0,,71.63,70.0,0.0,604.3
04:37:00,04:38:00,278,0,9,2.6,0.0,0,0,,76.73,70.0,0.0,586.1
04:38:00,04:39:00,279,0,0,0.0,30.0,0,0,,,70.0,0.0,502.1
04:39:00,04:40:00,280,0,0,1.6,0.0,0,0,,,70.0,0.0,524.6
04:40:00,04:41:00,281,0,0,0.0,16.8,0,0,,,70.0,0.0,390.3
04:41:00,04:42:00,282,0,3,0.0,24.0,0,0,,101.0,70.0,0.0,428.2
04:42:00,04:43:00,283,1,0,7.5,0.0,0,0,,,70.0,0.0,327.0
04:43:00,04:44:00,284,0,0,0.0,10.2,0,0,,,70.0,0.0,212.7
04:44:00,04:45:00,285,0,0,6.1,0.0,0,0,,,70.0,0.0,282.3
04:45:00,04:46:00,286,0,0,0.0,29.2,0,0,,,67.0,0.0,187.9
04:46:00,04:47:00,287,0,0,0.0,0.0,0,0,,,67.0,0.0,93.4
04:47:00,04:48:00,288,0,0,4.2,0.0,0,0,,,67.0,0.0,67.0
04:48:00,04:49:00,289,0,0,17.5,0.0,0,0,,,67.0,0.0,171.5
04:49:00,04:50:00,290,0,0,0.0,5.3,0,0,,,67.0,0.0,57.0
04:50:00,04:51:00,291,0,0,0.0,0.0,0,0,,,67.0,0.0,8.7
04:51:00,04:52:00,292,0,0,34.0,0.0,0,0,,,67.0,0.0,3.1
04:52:00,04:53:00,293,0,0,0.0,8.3,0,0,,,67.0,22.5,0.0
04:53:00,04:54:00,294,0,0,30.2,0.0,0,0,,,67.0,0.0,14.3
04:54:00,04:55:00,295,0,0,8.6,0.0,0,0,,,67.0,0.0,4.7
04:55:00,04:56:00,296,0,0,16.5,0.0,0,0,,,67.0,0.0,50.0
04:56:00,04:57:00,297,0,0,0.0,25.8,0,0,,,67.0,0.0,8.3
04:57:00,04:58:00,298,0,0,0.0,9.0,0,0,,,67.0,121.8,0.0
04:58:00,04:59:00,299,0,7,0.0,29.6,0,0,,95.0,67.0,133.2,0.0
04:59:00,05:00:00,300,0,17,0.0,23.1,0,0,,77.58,67.0,165.3,0.0
05:00:00,05:01:00,301,0,29,0.0,22.6,0,0,,83.63,62.0,114.2,0.0
05:01:00,05:02:00,302,0,41,0.0,37.2,0,0,,83.63,62.0,76.7,0.0
05:02:00,05:03:00,303,0,45,0.0,46.3,0,0,,83.63,62.0,95.3,0.0
05:03:00,05:04:00,304,0,58,0.0,59.8,0,0,,76.63,62.0,188.8,0.0
05:04:00,05:05:00,305,0,80,0.0,69.0,0,0,,71.63,62.0,262.7,0.0
05:05:00,05:06:00,306,0,114,0.0,85.3,0,0,,65.19,62.0,285.2,0.0
05:06:00,05:07:00,307,0,142,0.0,87.2,0,0,,65.19,62.0,250.6,0.0
05:07:00,05:08:00,308,0,156,0.0,90.0,0,0,,65.19,62.0,186.3,0.0
05:08:00,05:09:00,309,0,160,0.0,106.0,0,0,,66.63,62.0,275.2,0.0
05:09:00,05:10:00,310,0,162,0.0,94.6,0,0,,68.5,62.0,201.4,0.0
05:10:00,05:11:00,311,0,160,0.0,96.7,0,0,,68.5,62.0,302.2,0.0
05:11:00,05:12:00,312,0,157,0.0,65.9,0,0,,68.5,62.0,232.0,0.0
05:12:00,05:13:00,313,0,150,0.0,55.2,0,0,,70.28,62.0,276.4,0.0
05:13:00,05:14:00,314,0,150,0.0,30.9,0,0,,65.19,62.0,226.1,0.0
05:14:00,05:15:00,315,0,174,0.0,34.3,0,0,,60.78,62.0,363.4,0.0
05:15:00,05:16:00,316,0,207,0.0,14.4,0,0,,56.63,71.99,485.9,0.0
05:16:00,05:17:00,317,0,250,0.0,3.6,0,0,,51.28,71.99,489.1,0.0
05:17:00,05:18:00,318,0,293,0.0,6.3,0,0,,51.63,71.99,404.3,0.0
05:18:00,05:19:00,319,0,322,0.0,25.3,0,0,,52.7,71.99,262.7,0.0
05:19:00,05:20:00,320,0,288,0.0,15.2,0,0,,52.7,71.99,278.4,0.0
05:20:00,05:21:00,321,0,253,0.0,18.8,0,0,,55.0,71.99,239.1,0.0
05:21:00,05:22:00,322,0,210,0.0,15.2,0,0,,56.98,71.99,302.5,0.0
05:22:00,05:23:00,323,0,153,0.0,1.1,0,0,,58.98,71.99,293.2,0.0
05:23:00,05:24:00,324,0,113,0.0,1.7,0,0,,65.19,71.99,259.5,0.0
05:24:00,05:25:00,325,0,94,0.0,1.5,0,0,,66.48,71.99,192.3,0.0
05:25:00,05:26:00,326,0,69,0.0,0.0,0,0,,72.98,71.99,195.2,0.0
05:26:00,05:27:00,327,0,49,0.0,1.7,0,0,,77.48,71.99,228.0,0.0
05:27:00,05:28:00,328,0,35,12.0,0.0,0,0,,77.48,71.99,133.6,0.0
05:28:00,05:29:00,329,0,20,0.0,0.0,0,0,,77.48,71.99,72.0,0.0
05:29:00,05:30:00,330,0,6,12.0,0.0,0,0,,104.97,71.99,112.4,0.0
05:30:00,05:31:00,331,0,1,0.0,0.1,0,0,,,72.89,181.6,0.0
05:31:00,05:32:00,332,0,27,0.0,0.0,0,0,,77.0,72.89,194.2,0.0
05:32:00,05:33:00,333,0,63,0.0,0.4,0,0,,69.67,72.89,212.8,0.0
05:33:00,05:34:00,334,0,94,0.0,0.0,0,0,,65.19,72.89,121.6,0.0
05:34:00,05:35:00,335,0,117,0.0,1.6,0,0,,69.67,72.89,0.0,9.2
05:35:00,05:36:00,336,0,120,0.0,2.2,0,0,,70.28,72.89,0.0,21.6
05:36:00,05:37:00,337,0,102,0.0,1.9,0,0,,74.78,72.89,0.0,60.1
05:37:00,05:38:00,338,0,82,0.0,3.6,0,0,,75.68,72.89,0.0,60.3
05:38:00,05:39:00,339,0,68,0.0,3.7,0,0,,76.58,72.89,0.0,50.5
05:39:00,05:40:00,340,0,52,0.0,0.0,0,0,,76.58,72.89,0.0,88.1
05:40:00,05:41:00,341,0,34,5.8,0.0,0,0,,77.48,72.89,0.0,125.5
05:41:00,05:42:00,342,0,20,0.4,0.0,0,0,,77.48,72.89,0.0,144.7
05:42:00,05:43:00,343,0,5,0.0,0.0,0,0,,105.09,72.89,0.0,204.7
05:43:00,05:44:00,344,4,0,0.9,0.0,0,0,103.0,,72.89,0.0,184.1
05:44:00,05:45:00,345,14,0,0.0,0.0,0,0,108.0,,72.89,0.0,152.5
05:45:00,05:46:00,346,26,0,48.0,0.0,0,0,108.5,,74.87,0.0,267.0
05:46:00,05:47:00,347,28,0,53.2,0.0,0,0,108.0,,74.87,0.0,203.7
05:47:00,05:48:00,348,31,0,42.5,0.0,0,0,108.5,,74.87,0.0,268.6
05:48:00,05:49:00,349,46,0,83.6,0.0,0,0,108.5,,74.87,0.0,317.0
05:49:00,05:50:00,350,49,0,94.9,0.0,0,0,108.1,,74.87,0.0,317.0
05:50:00,05:51:00,351,57,0,89.1,0.0,0,0,108.5,,74.87,0.0,317.0
05:51:00,05:52:00,352,79,0,37.6,0.0,0,0,108.5,,74.87,0.0,317.0
05:52:00,05:53:00,353,100,0,40.3,0.0,0,0,108.8,,74.87,0.0,297.7
05:53:00,05:54:00,354,111,0,73.4,0.0,0,0,108.7,,74.87,0.0,310.8
05:54:00,05:55:00,355,129,0,41.3,0.0,0,0,108.8,,74.87,0.0,319.2
05:55:00,05:56:00,356,141,0,61.0,0.0,0,0,108.7,,74.87,0.0,317.0
05:56:00,05:57:00,357,137,0,15.7,0.0,0,0,108.6,,74.87,0.0,223.0
05:57:00,05:58:00,358,110,0,12.3,0.0,0,0,108.5,,74.87,0.0,212.6
05:58:00,05:59:00,359,80,1,0.0,1.6,0,0,108.5,109.15,74.87,0.0,91.3
05:59:00,06:00:00,360,53,17,0.0,6.2,0,0,108.5,75.68,74.87,0.0,118.0
06:00:00,06:01:00,361,28,48,0.0,6.0,0,0,,69.39,80.85,0.0,13.7
06:01:00,06:02:00,362,6,91,0.0,8.8,0,0,,62.84,80.85,0.0,24.4
06:02:00,06:03:00,363,0,114,0.0,0.2,0,0,,64.89,80.85,94.5,0.0
06:03:00,06:04:00,364,0,149,0.0,0.3,0,0,,64.89,80.85,76.1,0.0
06:04:00,06:05:00,365,0,160,0.0,2.0,0,0,,66.63,80.85,53.0,0.0
06:05:00,06:06:00,366,0,148,0.0,5.4,0,0,,68.38,80.85,95.8,0.0
06:06:00,06:07:00,367,0,122,0.0,12.0,0,0,,68.38,80.85,179.0,0.0
06:07:00,06:08:00,368,0,100,0.0,17.7,0,0,,69.39,80.85,194.0,0.0
06:08:00,06:09:00,369,0,71,6.9,0.0,0,0,,69.39,80.85,148.3,0.0
06:09:00,06:10:00,370,0,43,1.8,0.0,0,0,,72.08,80.85,141.7,0.0
06:10:00,06:11:00,371,2,22,5.8,0.0,0,0,103.8,79.28,80.85,92.4,0.0
06:11:00,06:12:00,372,16,9,7.7,0.0,0,0,104.0,121.11,80.85,93.1,0.0
06:12:00,06:13:00,373,38,2,10.1,0.0,0,0,120.0,122.7,80.85,27.9,0.0
06:13:00,06:14:00,374,71,0,16.3,0.0,0,0,137.69,,80.85,75.7,0.0
06:14:00,06:15:00,375,67,0,11.1,0.0,0,0,115.0,,80.85,0.0,105.0
06:15:00,06:16:00,376,75,0,11.5,0.0,0,0,109.0,,83.22,85.0,0.0
06:16:00,06:17:00,377,63,0,21.0,0.0,0,0,108.0,,83.22,84.6,0.0
06:17:00,06:18:00,378,48,0,9.8,0.0,0,0,108.0,,83.22,78.8,0.0
06:18:00,06:19:00,379,29,0,7.2,0.0,0,0,106.9,,83.22,171.3,0.0
06:19:00,06:20:00,380,14,0,14.0,0.0,0,0,106.9,,83.22,232.1,0.0
06:20:00,06:21:00,381,5,1,13.7,0.0,0,0,106.9,127.44,83.22,183.9,0.0
06:21:00,06:22:00,382,3,0,61.8,0.0,0,0,40.0,,83.22,154.7,0.0
06:22:00,06:23:00,383,1,0,49.5,0.0,0,0,40.0,,83.22,121.6,0.0
06:23:00,06:24:00,384,15,0,39.0,0.0,0,0,106.9,,83.22,80.4,0.0
06:24:00,06:25:00,385,24,0,44.4,0.0,0,0,106.9,,83.22,164.4,0.0
06:25:00,06:26:00,386,41,0,53.0,0.0,0,0,116.0,,83.22,94.0,0.0
06:26:00,06:27:00,387,47,0,60.0,0.0,0,0,116.0,,83.22,45.5,0.0
06:27:00,06:28:00,388,97,0,69.2,0.0,0,0,136.0,,83.22,0.0,112.1
06:28:00,06:29:00,389,140,0,57.0,0.0,0,0,140.0,,83.22,0.0,179.9
06:29:00,06:30:00,390,140,0,42.6,0.0,0,0,136.0,,83.22,0.0,67.5
06:30:00,06:31:00,391,128,0,98.5,0.0,0,0,137.39,,85.09,14.8,0.0
06:31:00,06:32:00,392,72,0,79.6,0.0,0,0,137.39,,85.09,0.0,27.2
06:32:00,06:33:00,393,66,0,53.4,0.0,0,0,137.39,,85.09,0.0,101.3
06:33:00,06:34:00,394,66,0,75.1,0.0,0,0,115.0,,85.09,31.5,0.0
06:34:00,06:35:00,395,57,0,15.0,0.0,0,0,115.0,,85.09,37.4,0.0
06:35:00,06:36:00,396,47,0,15.0,0.0,0,0,115.0,,85.09,128.5,0.0
06:36:00,06:37:00,397,38,0,41.4,0.0,0,0,109.0,,85.09,0.0,42.1
06:37:00,06:38:00,398,58,0,67.4,0.0,0,0,137.49,,85.09,0.0,241.6
06:38:00,06:39:00,399,117,0,70.8,0.0,0,0,138.1,,85.09,0.0,278.7
06:39:00,06:40:00,400,129,0,44.3,0.0,0,0,137.89,,85.09,0.0,95.1
06:40:00,06:41:00,401,120,0,37.3,0.0,0,0,137.59,,85.09,0.0,34.5
06:41:00,06:42:00,402,115,0,40.4,0.0,0,0,137.39,,85.09,0.0,160.3
06:42:00,06:43:00,403,103,0,49.3,0.0,0,0,137.39,,85.09,0.0,194.4
06:43:00,06:44:00,404,99,0,67.5,0.0,0,0,116.0,,85.09,0.0,311.8
06:44:00,06:45:00,405,102,0,80.3,0.0,0,0,116.0,,85.09,0.0,446.6
06:45:00,06:46:00,406,101,0,111.4,0.0,0,0,116.0,,85.82,0.0,390.7
06:46:00,06:47:00,407,118,0,77.6,0.0,0,0,135.49,,85.82,0.0,426.7
06:47:00,06:48:00,408,128,0,33.7,0.0,0,0,135.49,,85.82,0.0,271.5
06:48:00,06:49:00,409,134,0,58.6,0.0,0,0,135.49,,85.82,0.0,328.4
06:49:00,06:50:00,410,150,0,78.1,0.0,0,0,135.69,,85.82,0.0,329.3
06:50:00,06:51:00,411,147,0,79.9,0.0,0,0,135.39,,85.82,0.0,279.2
06:51:00,06:52:00,412,145,0,56.3,0.0,0,0,135.39,,85.82,0.0,354.7
06:52:00,06:53:00,413,157,0,49.6,0.0,0,0,135.69,,85.82,0.0,343.5
06:53:00,06:54:00,414,164,0,65.4,0.0,0,0,135.59,,85.82,0.0,329.3
06:54:00,06:55:00,415,175,0,98.2,0.0,0,0,135.69,,85.82,0.0,267.0
06:55:00,06:56:00,416,180,0,53.3,0.0,0,0,135.69,,85.82,0.0,282.0
06:56:00,06:57:00,417,184,0,89.9,0.0,0,0,135.59,,85.82,0.0,262.9
06:57:00,06:58:00,418,168,0,94.3,0.0,0,0,135.49,,85.82,0.0,250.1
06:58:00,06:59:00,419,122,0,39.0,0.0,0,0,135.49,,85.82,0.0,187.8
06:59:00,07:00:00,420,87,0,0.0,22.5,0,0,135.49,,85.82,0.0,127.3
07:00:00,07:01:00,421,58,0,0.0,0.0,0,0,,,60.32,0.0,117.6
07:01:00,07:02:00,422,31,0,0.0,0.0,0,0,,,60.32,0.0,131.5
07:02:00,07:03:00,423,10,0,0.0,0.0,0,0,,,60.32,0.0,106.5
07:03:00,07:04:00,424,0,0,0.0,0.0,0,0,,,60.32,0.0,99.2
07:04:00,07:05:00,425,0,0,0.0,0.0,0,0,,,60.32,0.0,28.2
07:05:00,07:06:00,426,0,0,0.0,0.0,0,0,,,60.32,14.8,0.0
07:06:00,07:07:00,427,0,0,0.0,0.0,0,0,,,60.32,162.2,0.0
07:07:00,07:08:00,428,0,0,0.0,0.0,0,0,,,60.32,207.2,0.0
07:08:00,07:09:00,429,0,0,0.0,0.0,0,0,,,60.32,230.3,0.0
07:09:00,07:10:00,430,2,0,43.4,0.0,0,0,39.0,,60.32,217.0,0.0
07:10:00,07:11:00,431,14,0,29.1,0.0,0,0,79.34,,60.32,307.3,0.0
07:11:00,07:12:00,432,39,0,22.6,0.0,0,0,109.0,,60.32,191.0,0.0
07:12:00,07:13:00,433,78,0,17.9,0.0,0,0,120.0,,60.32,256.6,0.0
07:13:00,07:14:00,434,103,0,33.8,0.0,0,0,117.0,,60.32,240.9,0.0
07:14:00,07:15:00,435,140,0,43.9,0.0,0,0,117.0,,60.32,224.9,0.0
07:15:00,07:16:00,436,134,0,0.0,0.0,0,0,109.0,,86.91,348.8,0.0
07:16:00,07:17:00,437,104,0,0.0,0.0,0,0,109.0,,86.91,335.3,0.0
07:17:00,07:18:00,438,71,0,0.0,0.0,0,0,109.0,,86.91,377.1,0.0
07:18:00,07:19:00,439,40,0,0.0,0.0,0,0,108.0,,86.91,322.1,0.0
07:19:00,07:20:00,440,15,0,0.0,0.0,0,0,106.7,,86.91,409.2,0.0
07:20:00,07:21:00,441,2,0,0.0,0.0,0,0,76.09,,86.91,342.6,0.0
07:21:00,07:22:00,442,0,0,0.0,0.0,0,0,,,86.91,411.1,0.0
07:22:00,07:23:00,443,0,0,0.0,0.0,0,0,,,86.91,359.7,0.0
07:23:00,07:24:00,444,0,0,0.0,0.0,0,0,,,86.91,432.4,0.0
07:24:00,07:25:00,445,0,0,0.0,0.0,0,0,,,86.91,385.9,0.0
07:25:00,07:26:00,446,0,0,0.0,0.0,0,0,,,86.91,395.2,0.0
07:26:00,07:27:00,447,0,0,0.0,0.0,0,0,,,86.91,405.0,0.0
07:27:00,07:28:00,448,0,0,0.0,0.0,0,0,,,86.91,431.5,0.0
07:28:00,07:29:00,449,0,0,0.0,0.0,0,0,,,86.91,325.5,0.0
07:29:00,07:30:00,450,0,0,0.0,0.0,0,0,,,86.91,200.1,0.0
07:30:00,07:31:00,451,18,0,74.2,0.0,0,0,139.0,,89.74,0.0,102.6
07:31:00,07:32:00,452,89,0,76.6,0.0,0,0,140.9,,89.74,0.0,173.0
07:32:00,07:33:00,453,141,0,50.0,0.0,0,0,140.9,,89.74,0.0,149.3
07:33:00,07:34:00,454,189,0,61.1,0.0,0,0,140.9,,89.74,0.0,167.9
07:34:00,07:35:00,455,234,0,56.0,0.0,0,0,140.9,,89.74,0.0,273.4
07:35:00,07:36:00,456,264,0,44.3,0.0,0,0,140.9,,89.74,0.0,319.4
07:36:00,07:37:00,457,288,0,29.1,0.0,0,0,150.0,,89.74,0.0,297.7
07:37:00,07:38:00,458,314,0,36.4,0.0,0,0,150.0,,89.74,0.0,272.4
07:38:00,07:39:00,459,325,0,51.0,0.0,0,0,150.0,,89.74,0.0,175.4
07:39:00,07:40:00,460,316,0,31.8,0.0,0,0,150.0,,89.74,0.0,264.4
07:40:00,07:41:00,461,320,0,35.4,0.0,0,0,150.0,,89.74,0.0,184.7
07:41:00,07:42:00,462,330,0,35.1,0.0,0,0,163.0,,89.74,0.0,343.7
07:42:00,07:43:00,463,350,0,28.7,0.0,0,0,163.0,,89.74,0.0,396.5
07:43:00,07:44:00,464,359,0,34.4,0.0,0,0,163.0,,89.74,0.0,380.5
07:44:00,07:45:00,465,371,0,32.5,0.0,0,0,163.0,,89.74,0.0,467.0
07:45:00,07:46:00,466,374,0,35.3,0.0,0,0,199.9,,86.34,0.0,379.6
07:46:00,07:47:00,467,357,0,40.8,0.0,0,0,199.9,,86.34,0.0,384.8
07:47:00,07:48:00,468,353,0,28.7,0.0,0,0,199.9,,86.34,0.0,423.9
07:48:00,07:49:00,469,342,0,44.3,0.0,0,0,199.9,,86.34,0.0,621.0
07:49:00,07:50:00,470,335,0,54.7,0.0,0,0,199.9,,86.34,0.0,554.3
07:50:00,07:51:00,471,331,0,33.2,0.0,0,0,168.0,,86.34,0.0,627.4
07:51:00,07:52:00,472,325,0,40.7,0.0,0,0,163.0,,86.34,0.0,570.8
07:52:00,07:53:00,473,323,0,50.5,0.0,0,0,163.0,,86.34,0.0,579.9
07:53:00,07:54:00,474,316,0,36.3,0.0,0,0,163.0,,86.34,0.0,588.8
07:54:00,07:55:00,475,316,0,33.5,0.0,0,0,163.0,,86.34,0.0,472.3
07:55:00,07:56:00,476,313,0,32.5,0.0,0,0,163.0,,86.34,0.0,528.3
07:56:00,07:57:00,477,305,0,18.9,0.0,0,0,152.2,,86.34,0.0,600.2
07:57:00,07:58:00,478,307,0,14.7,0.0,0,0,152.2,,86.34,0.0,568.2
07:58:00,07:59:00,479,304,0,27.7,0.0,0,0,152.2,,86.34,0.0,597.5
07:59:00,08:00:00,480,300,0,35.3,0.0,0,0,152.2,,86.34,0.0,570.7
08:00:00,08:01:00,481,280,0,136.2,0.0,0,0,150.0,,84.08,0.0,574.0
08:01:00,08:02:00,482,214,0,52.0,0.0,0,0,150.0,,84.08,0.0,413.4
08:02:00,08:03:00,483,150,0,11.0,0.0,0,0,150.0,,84.08,0.0,450.9
08:03:00,08:04:00,484,96,0,16.1,0.0,0,0,150.0,,84.08,0.0,439.8
08:04:00,08:05:00,485,49,1,0.0,2.3,0,0,150.0,129.16,84.08,0.0,558.8
08:05:00,08:06:00,486,11,0,2.7,0.0,0,0,140.9,,84.08,0.0,587.3
08:06:00,08:07:00,487,1,0,2.7,0.0,0,0,40.0,,84.08,0.0,493.9
08:07:00,08:08:00,488,0,0,0.8,0.0,0,0,,,84.08,0.0,410.4
08:08:00,08:09:00,489,0,0,0.8,0.0,0,0,,,84.08,0.0,314.8
08:09:00,08:10:00,490,0,0,0.3,0.0,0,0,,,84.08,0.0,309.1
08:10:00,08:11:00,491,5,0,0.0,0.0,0,0,139.6,,84.08,0.0,318.6
08:11:00,08:12:00,492,11,0,1.5,0.0,0,0,108.8,,84.08,0.0,330.8
08:12:00,08:13:00,493,18,0,0.7,0.0,0,0,140.0,,84.08,0.0,516.5
08:13:00,08:14:00,494,75,0,1.5,0.0,0,0,140.9,,84.08,0.0,509.1
08:14:00,08:15:00,495,121,0,0.0,0.0,0,0,143.0,,84.08,0.0,615.0
08:15:00,08:16:00,496,150,0,0.0,0.0,0,0,150.0,,88.33,0.0,572.8
08:16:00,08:17:00,497,149,0,25.6,0.0,0,0,140.9,,88.33,0.0,506.3
08:17:00,08:18:00,498,138,0,8.8,0.0,0,0,140.9,,88.33,0.0,554.3
08:18:00,08:19:00,499,107,0,12.6,0.0,0,0,140.9,,88.33,0.0,653.4
08:19:00,08:20:00,500,85,0,24.3,0.0,0,0,140.9,,88.33,0.0,734.2
08:20:00,08:21:00,501,77,0,8.8,0.0,0,0,139.9,,88.33,0.0,625.9
08:21:00,08:22:00,502,75,0,10.7,0.0,0,0,139.9,,88.33,0.0,642.6
08:22:00,08:23:00,503,73,0,12.1,0.0,0,0,139.9,,88.33,0.0,669.9
08:23:00,08:24:00,504,72,0,9.5,0.0,0,0,139.9,,88.33,0.0,619.6
08:24:00,08:25:00,505,72,0,13.4,0.0,0,0,140.9,,88.33,0.0,710.5
08:25:00,08:26:00,506,72,0,8.6,0.0,0,0,139.9,,88.33,0.0,512.5
08:26:00,08:27:00,507,74,0,29.6,0.0,0,0,140.0,,88.33,0.0,518.0
08:27:00,08:28:00,508,73,0,30.8,0.0,0,0,139.9,,88.33,0.0,488.1
08:28:00,08:29:00,509,75,0,9.2,0.0,0,0,140.0,,88.33,0.0,589.9
08:29:00,08:30:00,510,76,0,10.6,0.0,0,0,140.9,,88.33,0.0,612.1
08:30:00,08:31:00,511,106,0,9.9,0.0,0,0,140.9,,89.71,0.0,546.3
08:31:00,08:32:00,512,101,0,35.8,0.0,0,0,140.9,,89.71,0.0,582.7
08:32:00,08:33:00,513,101,0,22.2,0.0,0,0,140.9,,89.71,0.0,637.7
08:33:00,08:34:00,514,101,0,22.0,0.0,0,0,140.9,,89.71,0.0,778.3
08:34:00,08:35:00,515,117,0,10.2,0.0,0,0,140.9,,89.71,0.0,728.7
08:35:00,08:36:00,516,116,0,9.1,0.0,0,0,140.9,,89.71,0.0,613.6
08:36:00,08:37:00,517,106,0,8.1,0.0,0,0,140.9,,89.71,0.0,634.8
08:37:00,08:38:00,518,115,0,5.6,0.0,0,0,140.9,,89.71,0.0,689.4
08:38:00,08:39:00,519,121,0,1.4,0.0,0,0,140.9,,89.71,0.0,574.2
08:39:00,08:40:00,520,122,0,0.2,0.0,0,0,140.9,,89.71,0.0,688.3
08:40:00,08:41:00,521,102,0,0.0,0.0,0,0,140.9,,89.71,0.0,572.5
08:41:00,08:42:00,522,82,0,0.0,0.0,0,0,140.9,,89.71,0.0,674.2
08:42:00,08:43:00,523,73,0,0.0,0.0,0,0,140.9,,89.71,0.0,730.4
08:43:00,08:44:00,524,74,0,0.0,0.0,0,0,140.9,,89.71,0.0,594.7
08:44:00,08:45:00,525,64,0,0.0,4.0,0,0,140.9,,89.71,0.0,591.7
08:45:00,08:46:00,526,50,0,3.7,0.0,0,0,40.0,,70.0,0.0,615.8
08:46:00,08:47:00,527,37,0,1.1,0.0,0,0,40.0,,70.0,0.0,707.3
08:47:00,08:48:00,528,29,0,1.5,0.0,0,0,76.19,,70.0,0.0,709.4
08:48:00,08:49:00,529,22,0,1.0,0.0,0,0,76.19,,70.0,0.0,660.0
08:49:00,08:50:00,530,38,0,0.0,0.0,0,0,140.9,,70.0,0.0,651.2
08:50:00,08:51:00,531,71,0,0.4,0.0,0,0,140.9,,70.0,0.0,496.9
08:51:00,08:52:00,532,45,0,0.0,12.1,0,0,100.0,,70.0,0.0,518.5
08:52:00,08:53:00,533,35,0,0.0,0.0,0,0,76.19,,70.0,0.0,535.5
08:53:00,08:54:00,534,23,0,0.0,0.0,0,0,76.19,,70.0,0.0,530.3
08:54:00,08:55:00,535,13,0,0.0,5.8,0,0,76.09,,70.0,0.0,575.8
08:55:00,08:56:00,536,7,0,1.3,0.0,0,0,76.09,,70.0,0.0,579.8
08:56:00,08:57:00,537,24,0,0.0,0.0,0,0,140.9,,70.0,0.0,733.6
08:57:00,08:58:00,538,72,0,0.0,0.0,0,0,140.9,,70.0,0.0,837.7
08:58:00,08:59:00,539,110,0,0.0,0.0,0,0,150.0,,70.0,0.0,798.0
08:59:00,09:00:00,540,141,0,0.0,0.0,0,0,152.2,,70.0,0.0,829.5
09:00:00,09:01:00,541,179,0,0.1,0.0,0,0,162.9,,97.97,0.0,506.1
09:01:00,09:02:00,542,121,0,0.0,140.0,0,0,150.0,,97.97,0.0,472.5
09:02:00,09:03:00,543,90,0,0.0,33.6,0,0,150.0,,97.97,0.0,666.2
09:03:00,09:04:00,544,65,0,0.0,4.0,0,0,150.0,,97.97,0.0,702.1
09:04:00,09:05:00,545,34,0,3.0,0.0,0,0,140.9,,97.97,0.0,813.5
09:05:00,09:06:00,546,62,0,0.1,0.0,0,0,140.9,,97.97,0.0,897.8
09:06:00,09:07:00,547,94,0,0.0,0.0,0,0,140.9,,97.97,0.0,825.2
09:07:00,09:08:00,548,102,0,0.0,0.0,0,0,140.9,,97.97,0.0,867.5
09:08:00,09:09:00,549,123,0,0.0,0.0,0,0,140.9,,97.97,0.0,856.6
09:09:00,09:10:00,550,128,0,0.0,0.0,0,0,140.9,,97.97,0.0,939.5
09:10:00,09:11:00,551,140,0,0.0,0.0,0,0,140.9,,97.97,0.0,782.3
09:11:00,09:12:00,552,149,0,0.0,0.0,0,0,140.9,,97.97,0.0,855.2
09:12:00,09:13:00,553,164,0,0.0,0.0,0,0,150.0,,97.97,0.0,723.4
09:13:00,09:14:00,554,175,0,4.6,0.0,0,0,150.0,,97.97,0.0,785.6
09:14:00,09:15:00,555,193,0,3.6,0.0,0,0,172.08,,97.97,0.0,818.5
09:15:00,09:16:00,556,211,0,0.2,0.0,0,0,162.9,,96.38,0.0,779.9
09:16:00,09:17:00,557,228,0,3.6,0.0,0,0,171.5,,96.38,0.0,702.2
09:17:00,09:18:00,558,249,0,0.4,0.0,0,0,199.6,,96.38,0.0,636.0
09:18:00,09:19:00,559,268,0,0.3,0.0,0,0,199.6,,96.38,0.0,645.8
09:19:00,09:20:00,560,292,0,0.0,0.0,0,0,200.0,,96.38,0.0,648.2
09:20:00,09:21:00,561,287,0,1.7,0.0,0,0,200.0,,96.38,0.0,834.7
09:21:00,09:22:00,562,287,0,1.0,0.0,0,0,176.21,,96.38,0.0,887.9
09:22:00,09:23:00,563,290,0,3.8,0.0,0,0,176.21,,96.38,0.0,851.3
09:23:00,09:24:00,564,293,0,5.6,0.0,0,0,187.0,,96.38,0.0,877.1
09:24:00,09:25:00,565,320,0,5.8,0.0,0,0,200.0,,96.38,0.0,719.3
09:25:00,09:26:00,566,312,0,22.3,0.0,0,0,199.6,,96.38,0.0,737.2
09:26:00,09:27:00,567,308,0,15.5,0.0,0,0,199.6,,96.38,0.0,702.3
09:27:00,09:28:00,568,302,0,5.0,0.0,0,0,187.0,,96.38,0.0,779.0
09:28:00,09:29:00,569,305,0,26.9,0.0,0,0,187.0,,96.38,0.0,707.1
09:29:00,09:30:00,570,316,0,25.6,0.0,0,0,199.7,,96.38,0.0,822.1
09:30:00,09:31:00,571,358,0,12.5,0.0,0,0,200.0,,98.5,0.0,709.5
09:31:00,09:32:00,572,340,0,11.4,0.0,0,0,200.0,,98.5,0.0,757.3
09:32:00,09:33:00,573,360,0,16.6,0.0,0,0,200.0,,98.5,0.0,734.2
09:33:00,09:34:00,574,370,0,16.2,0.0,0,0,200.0,,98.5,0.0,850.7
09:34:00,09:35:00,575,385,0,36.3,0.0,0,0,200.0,,98.5,0.0,747.3
09:35:00,09:36:00,576,392,0,21.6,0.0,0,0,202.0,,98.5,0.0,789.4
09:36:00,09:37:00,577,388,0,20.3,0.0,0,0,200.0,,98.5,0.0,780.0
09:37:00,09:38:00,578,389,0,15.3,0.0,0,0,200.0,,98.5,0.0,851.0
09:38:00,09:39:00,579,388,0,22.7,0.0,0,0,200.0,,98.5,0.0,886.0
09:39:00,09:40:00,580,391,0,19.7,0.0,0,0,200.0,,98.5,0.0,906.1
09:40:00,09:41:00,581,390,0,21.6,0.0,0,0,200.0,,98.5,0.0,939.6
09:41:00,09:42:00,582,391,0,23.2,0.0,0,0,200.0,,98.5,0.0,773.5
09:42:00,09:43:00,583,398,0,20.1,0.0,0,0,202.0,,98.5,0.0,794.4
09:43:00,09:44:00,584,397,0,17.2,0.0,0,0,200.0,,98.5,0.0,783.8
09:44:00,09:45:00,585,400,0,29.0,0.0,0,0,202.0,,98.5,0.0,735.1
09:45:00,09:46:00,586,388,0,15.8,0.0,0,0,200.0,,106.38,0.0,765.4
09:46:00,09:47:00,587,403,0,11.6,0.0,0,0,205.0,,106.38,0.0,674.7
09:47:00,09:48:00,588,403,0,11.4,0.0,0,0,202.0,,106.38,0.0,685.0
09:48:00,09:49:00,589,406,0,11.9,0.0,0,0,205.0,,106.38,0.0,716.7
09:49:00,09:50:00,590,408,0,17.4,0.0,0,0,205.0,,106.38,0.0,731.4
09:50:00,09:51:00,591,411,0,17.2,0.0,0,0,205.0,,106.38,0.0,695.0
09:51:00,09:52:00,592,412,0,28.5,0.0,0,0,205.0,,106.38,0.0,747.8
09:52:00,09:53:00,593,414,0,20.7,0.0,0,0,205.0,,106.38,0.0,734.2
09:53:00,09:54:00,594,384,0,22.2,0.0,0,0,205.0,,106.38,0.0,779.0
09:54:00,09:55:00,595,368,0,21.8,0.0,0,0,202.0,,106.38,0.0,665.7
09:55:00,09:56:00,596,343,0,33.1,0.0,0,0,200.0,,106.38,0.0,675.4
09:56:00,09:57:00,597,342,0,40.9,0.0,0,0,200.0,,106.38,0.0,505.6
09:57:00,09:58:00,598,331,0,46.2,0.0,0,0,200.0,,106.38,0.0,525.5
09:58:00,09:59:00,599,318,0,84.6,0.0,0,0,200.0,,106.38,0.0,561.6
09:59:00,10:00:00,600,303,0,70.3,0.0,0,0,198.0,,106.38,0.0,578.0
10:00:00,10:01:00,601,287,0,19.4,0.0,0,0,162.7,,100.0,0.0,519.4
10:01:00,10:02:00,602,229,0,9.6,0.0,0,0,162.7,,100.0,0.0,509.6
10:02:00,10:03:00,603,182,0,7.1,0.0,0,0,162.5,,100.0,0.0,507.1
10:03:00,10:04:00,604,137,0,11.1,0.0,0,0,162.5,,100.0,0.0,511.1
10:04:00,10:05:00,605,116,0,16.3,0.0,0,0,162.5,,100.0,0.0,516.3
10:05:00,10:06:00,606,109,0,24.2,0.0,0,0,150.0,,100.0,0.0,519.9
10:06:00,10:07:00,607,142,0,37.6,0.0,0,0,162.5,,100.0,0.0,543.8
10:07:00,10:08:00,608,160,0,42.7,0.0,0,0,152.2,,100.0,0.0,543.4
10:08:00,10:09:00,609,168,0,38.7,0.0,0,0,162.5,,100.0,0.0,538.7
10:09:00,10:10:00,610,150,0,20.5,0.0,0,0,152.2,,100.0,0.0,520.5
10:10:00,10:11:00,611,149,0,40.5,0.0,0,0,150.0,,100.0,0.0,540.5
10:11:00,10:12:00,612,133,0,7.5,0.0,0,0,150.0,,100.0,0.0,415.3
10:12:00,10:13:00,613,117,0,22.5,0.0,0,0,145.0,,100.0,0.0,452.0
10:13:00,10:14:00,614,97,0,128.8,0.0,0,0,145.0,,100.0,0.0,447.2
10:14:00,10:15:00,615,67,0,188.4,0.0,0,0,140.9,,100.0,0.0,430.0
10:15:00,10:16:00,616,38,6,0.0,0.0,0,0,40.0,143.0,100.5,0.0,229.9
10:16:00,10:17:00,617,36,0,11.8,0.0,0,0,140.9,,100.5,0.0,363.4
10:17:00,10:18:00,618,81,0,26.8,0.0,0,0,152.2,,100.5,0.0,400.4
10:18:00,10:19:00,619,111,0,21.8,0.0,0,0,158.5,,100.5,0.0,419.9
10:19:00,10:20:00,620,141,0,29.5,0.0,0,0,158.6,,100.5,0.0,400.3
10:20:00,10:21:00,621,162,0,19.2,0.0,0,0,158.5,,100.5,0.0,416.9
10:21:00,10:22:00,622,161,0,7.9,0.0,0,0,152.2,,100.5,0.0,376.7
10:22:00,10:23:00,623,158,0,18.3,0.0,0,0,152.2,,100.5,0.0,362.9
10:23:00,10:24:00,624,154,0,19.0,0.0,0,0,150.0,,100.5,0.0,331.7
10:24:00,10:25:00,625,155,0,15.2,0.0,0,0,150.0,,100.5,0.0,354.2
10:25:00,10:26:00,626,149,0,23.2,0.0,0,0,150.0,,100.5,0.0,322.9
10:26:00,10:27:00,627,131,0,16.6,0.0,0,0,145.0,,100.5,0.0,350.7
10:27:00,10:28:00,628,121,0,12.6,0.0,0,0,145.0,,100.5,0.0,326.3
10:28:00,10:29:00,629,103,0,28.4,0.0,0,0,145.0,,100.5,0.0,368.5
10:29:00,10:30:00,630,95,0,11.4,0.0,0,0,145.0,,100.5,0.0,338.5
10:30:00,10:31:00,631,67,0,17.1,0.0,0,0,140.9,,100.5,0.0,395.6
10:31:00,10:32:00,632,95,0,38.0,0.0,0,0,150.0,,100.5,0.0,418.8
10:32:00,10:33:00,633,124,0,47.4,0.0,0,0,158.6,,100.5,0.0,507.8
10:33:00,10:34:00,634,160,0,59.0,0.0,0,0,162.9,,100.5,0.0,457.8
10:34:00,10:35:00,635,182,0,32.4,0.0,0,0,159.06,,100.5,0.0,465.5
10:35:00,10:36:00,636,199,0,60.7,0.0,0,0,162.9,,100.5,0.0,447.2
10:36:00,10:37:00,637,205,0,41.6,0.0,0,0,159.06,,100.5,0.0,506.6
10:37:00,10:38:00,638,214,0,55.0,0.0,0,0,162.9,,100.5,0.0,533.6
10:38:00,10:39:00,639,224,0,71.5,0.0,0,0,162.9,,100.5,0.0,520.2
10:39:00,10:40:00,640,231,0,67.7,0.0,0,0,162.9,,100.5,0.0,488.2
10:40:00,10:41:00,641,235,0,70.9,0.0,0,0,162.9,,100.5,0.0,466.2
10:41:00,10:42:00,642,231,0,81.7,0.0,0,0,159.06,,100.5,0.0,433.4
10:42:00,10:43:00,643,222,0,80.1,0.0,0,0,159.06,,100.5,0.0,365.7
10:43:00,10:44:00,644,202,0,78.7,0.0,0,0,159.06,,100.5,0.0,371.9
10:44:00,10:45:00,645,185,0,109.3,0.0,0,0,159.06,,100.5,0.0,378.8
10:45:00,10:46:00,646,159,0,71.9,0.0,0,0,140.9,,100.5,0.0,426.5
10:46:00,10:47:00,647,156,0,33.7,0.0,0,0,193.8,,100.5,0.0,563.4
10:47:00,10:48:00,648,191,0,38.6,0.0,0,0,194.1,,100.5,0.0,555.7
10:48:00,10:49:00,649,223,0,75.7,0.0,0,0,194.1,,100.5,0.0,615.0
10:49:00,10:50:00,650,255,0,48.6,0.0,0,0,194.2,,100.5,0.0,630.7
10:50:00,10:51:00,651,265,0,58.3,0.0,0,0,194.1,,100.5,0.0,668.7
10:51:00,10:52:00,652,255,0,65.0,0.0,0,0,194.1,,100.5,0.0,654.6
10:52:00,10:53:00,653,241,0,49.4,0.0,0,0,193.9,,100.5,0.0,524.1
10:53:00,10:54:00,654,228,0,48.7,0.0,0,0,193.8,,100.5,0.0,574.1
10:54:00,10:55:00,655,218,0,78.0,0.0,0,0,193.8,,100.5,0.0,449.7
10:55:00,10:56:00,656,207,0,60.9,0.0,0,0,193.8,,100.5,0.0,522.2
10:56:00,10:57:00,657,190,0,53.6,0.0,0,0,163.0,,100.5,0.0,377.4
10:57:00,10:58:00,658,142,0,11.0,0.0,0,0,152.2,,100.5,0.0,336.4
10:58:00,10:59:00,659,102,0,0.0,0.0,0,0,152.2,,100.5,0.0,303.4
10:59:00,11:00:00,660,64,0,3.9,0.0,0,0,150.0,,100.5,0.0,291.9
11:00:00,11:01:00,661,60,0,66.9,0.0,0,0,150.0,,100.0,0.0,507.5
11:01:00,11:02:00,662,91,0,58.8,0.0,0,0,169.6,,100.0,0.0,463.1
11:02:00,11:03:00,663,130,0,66.3,0.0,0,0,185.1,,100.0,0.0,423.5
11:03:00,11:04:00,664,170,0,97.1,0.0,0,0,185.1,,100.0,0.0,340.8
11:04:00,11:05:00,665,173,0,65.6,0.0,0,0,169.6,,100.0,0.0,380.5
11:05:00,11:06:00,666,167,0,81.7,0.0,0,0,169.6,,100.0,0.0,338.4
11:06:00,11:07:00,667,152,0,60.7,0.0,0,0,152.2,,100.0,0.0,361.0
11:07:00,11:08:00,668,147,0,52.7,0.0,0,0,150.0,,100.0,0.0,258.5
11:08:00,11:09:00,669,146,0,39.2,0.0,0,0,150.0,,100.0,0.0,250.4
11:09:00,11:10:00,670,146,0,30.0,0.0,0,0,150.0,,100.0,0.0,285.2
11:10:00,11:11:00,671,142,0,26.1,0.0,0,0,150.0,,100.0,0.0,208.7
11:11:00,11:12:00,672,135,0,41.0,0.0,0,0,150.0,,100.0,0.0,143.3
11:12:00,11:13:00,673,118,0,10.6,0.0,0,0,140.9,,100.0,0.0,66.3
11:13:00,11:14:00,674,101,0,0.0,0.0,0,0,140.9,,100.0,0.0,0.0
11:14:00,11:15:00,675,79,0,0.0,0.0,0,0,140.9,,100.0,0.0,0.0
11:15:00,11:16:00,676,45,0,60.1,0.0,0,0,76.56,,123.73,0.0,145.3
11:16:00,11:17:00,677,79,0,56.6,0.0,0,0,152.2,,123.73,0.0,178.1
11:17:00,11:18:00,678,111,0,39.8,0.0,0,0,163.0,,123.73,0.0,136.4
11:18:00,11:19:00,679,153,0,45.3,0.0,0,0,181.53,,123.73,0.0,105.3
11:19:00,11:20:00,680,206,0,60.6,0.0,0,0,185.0,,123.73,0.0,133.6
11:20:00,11:21:00,681,275,0,0.0,0.0,0,0,200.0,,123.73,0.0,0.0
11:21:00,11:22:00,682,283,0,16.9,0.0,0,0,185.68,,123.73,0.0,16.9
11:22:00,11:23:00,683,276,0,47.6,0.0,0,0,185.68,,123.73,0.0,47.6
11:23:00,11:24:00,684,275,0,132.7,0.0,0,0,181.53,,123.73,0.0,169.5
11:24:00,11:25:00,685,265,0,104.6,0.0,0,0,181.53,,123.73,0.0,104.6
11:25:00,11:26:00,686,280,0,0.0,0.0,0,0,200.0,,123.73,0.0,0.0
11:26:00,11:27:00,687,346,0,0.0,0.0,0,0,276.5,,123.73,0.0,0.0
11:27:00,11:28:00,688,372,0,0.0,0.0,0,0,400.0,,123.73,0.0,0.0
11:28:00,11:29:00,689,388,0,0.0,0.0,0,0,400.0,,123.73,0.0,0.0
11:29:00,11:30:00,690,373,0,0.0,0.0,0,0,309.6,,123.73,0.0,0.0
11:30:00,11:31:00,691,332,0,45.2,0.0,0,0,200.0,,133.91,0.0,52.3
11:31:00,11:32:00,692,315,0,34.3,0.0,0,0,200.0,,133.91,0.0,109.4
11:32:00,11:33:00,693,309,0,39.3,0.0,0,0,185.62,,133.91,0.0,81.1
11:33:00,11:34:00,694,338,0,0.0,0.0,0,0,400.0,,133.91,0.0,0.0
11:34:00,11:35:00,695,410,0,0.0,0.0,0,0,400.0,,133.91,0.0,0.0
11:35:00,11:36:00,696,430,0,0.0,0.0,0,0,499.69,,133.91,0.0,0.0
11:36:00,11:37:00,697,398,0,0.0,0.0,0,0,400.1,,133.91,0.0,0.0
11:37:00,11:38:00,698,379,0,0.0,0.0,0,0,400.0,,133.91,0.0,0.0
11:38:00,11:39:00,699,333,0,21.4,0.0,0,0,305.0,,133.91,0.0,21.4
11:39:00,11:40:00,700,306,0,0.0,0.0,0,0,185.62,,133.91,0.0,0.0
11:40:00,11:41:00,701,281,0,0.0,0.0,0,0,185.62,,133.91,0.0,0.0
11:41:00,11:42:00,702,238,0,0.0,0.0,0,0,185.62,,133.91,0.0,0.0
11:42:00,11:43:00,703,202,0,0.0,0.0,0,0,185.62,,133.91,0.0,26.3
11:43:00,11:44:00,704,176,0,0.0,0.0,0,0,185.52,,133.91,0.0,0.4
11:44:00,11:45:00,705,160,0,0.0,0.0,0,0,169.6,,133.91,0.0,27.6
11:45:00,11:46:00,706,158,0,0.0,0.0,0,0,163.0,,100.0,0.0,0.0
11:46:00,11:47:00,707,161,0,0.0,0.0,0,0,163.0,,100.0,0.0,0.0
11:47:00,11:48:00,708,174,0,0.0,0.0,0,0,185.0,,100.0,0.0,0.0
11:48:00,11:49:00,709,244,0,0.0,0.0,0,0,268.39,,100.0,0.0,0.0
11:49:00,11:50:00,710,286,0,0.0,0.0,0,0,400.0,,100.0,0.0,0.0
11:50:00,11:51:00,711,354,0,0.0,0.0,0,0,400.0,,100.0,0.0,0.0
11:51:00,11:52:00,712,366,0,0.0,0.0,0,0,400.0,,100.0,0.0,0.0
11:52:00,11:53:00,713,378,0,0.0,0.0,0,0,400.0,,100.0,0.0,0.0
11:53:00,11:54:00,714,367,0,0.0,0.0,0,0,308.52,,100.0,0.0,0.0
11:54:00,11:55:00,715,359,0,0.0,0.0,0,0,304.75,,100.0,0.0,0.0
11:55:00,11:56:00,716,356,0,0.0,0.0,0,0,301.87,,100.0,0.0,0.0
11:56:00,11:57:00,717,375,0,0.0,0.0,0,0,500.0,,100.0,0.0,0.0
11:57:00,11:58:00,718,448,0,0.0,0.0,0,0,500.0,,100.0,0.0,9.9
11:58:00,11:59:00,719,476,0,0.0,0.0,0,0,600.0,,100.0,0.0,33.1
11:59:00,12:00:00,720,473,0,0.0,0.0,0,0,600.0,,100.0,0.0,45.9
12:00:00,12:01:00,721,422,0,0.0,0.0,0,0,400.0,,100.0,0.0,0.0
12:01:00,12:02:00,722,423,0,0.0,0.0,0,0,500.0,,100.0,0.0,0.0
12:02:00,12:03:00,723,427,0,0.0,0.0,0,0,400.0,,100.0,0.0,0.0
12:03:00,12:04:00,724,441,0,0.0,0.0,0,0,400.0,,100.0,0.0,0.0
12:04:00,12:05:00,725,465,0,0.0,0.0,0,0,500.0,,100.0,0.0,0.0
12:05:00,12:06:00,726,442,0,0.0,0.0,0,0,400.0,,100.0,0.0,0.0
12:06:00,12:07:00,727,433,0,0.0,0.0,0,0,400.0,,100.0,0.0,0.0
12:07:00,12:08:00,728,422,0,0.0,0.0,0,0,400.0,,100.0,0.0,0.0
12:08:00,12:09:00,729,423,0,0.0,0.0,0,0,400.0,,100.0,0.0,0.0
12:09:00,12:10:00,730,415,0,0.0,0.0,0,0,400.0,,100.0,0.0,0.0
12:10:00,12:11:00,731,411,0,0.0,0.0,0,0,400.0,,100.0,0.0,0.0
12:11:00,12:12:00,732,403,0,0.0,0.0,0,0,400.0,,100.0,0.0,0.0
12:12:00,12:13:00,733,398,0,0.0,0.0,0,0,400.0,,100.0,0.0,0.0
12:13:00,12:14:00,734,395,0,0.0,0.0,0,0,400.0,,100.0,0.0,0.0
12:14:00,12:15:00,735,391,0,0.0,0.0,0,0,334.39,,100.0,0.0,0.0
12:15:00,12:16:00,736,404,0,0.0,0.0,0,0,500.0,,201.01,0.0,0.0
12:16:00,12:17:00,737,453,0,0.0,0.0,0,0,500.0,,201.01,0.0,0.0
12:17:00,12:18:00,738,464,0,0.0,0.0,0,0,500.0,,201.01,0.0,0.0
12:18:00,12:19:00,739,481,0,0.0,0.0,0,0,500.0,,201.01,0.0,0.0
12:19:00,12:20:00,740,467,0,0.0,0.0,0,0,500.0,,201.01,0.0,0.0
12:20:00,12:21:00,741,465,0,0.0,0.0,0,0,500.0,,201.01,0.0,0.0
12:21:00,12:22:00,742,483,0,0.0,0.0,0,0,500.0,,201.01,0.0,0.0
12:22:00,12:23:00,743,472,0,0.0,0.0,0,0,500.0,,201.01,0.0,0.0
12:23:00,12:24:00,744,479,0,0.0,0.0,0,0,500.0,,201.01,0.0,0.0
12:24:00,12:25:00,745,527,0,0.0,0.0,0,0,600.0,,201.01,0.0,0.0
12:25:00,12:26:00,746,501,0,0.0,0.0,0,0,520.29,,201.01,0.0,0.0
12:26:00,12:27:00,747,567,0,0.0,0.0,0,0,600.0,,201.01,0.0,0.0
12:27:00,12:28:00,748,520,0,0.0,0.0,0,0,600.0,,201.01,0.0,0.0
12:28:00,12:29:00,749,527,0,0.0,0.0,0,0,600.0,,201.01,0.0,0.0
12:29:00,12:30:00,750,497,0,0.0,0.0,0,0,600.0,,201.01,0.0,0.0
12:30:00,12:31:00,751,495,0,0.0,0.0,0,0,500.0,,101.5,0.0,0.0
12:31:00,12:32:00,752,494,0,0.0,0.0,0,0,500.0,,101.5,0.0,0.0
12:32:00,12:33:00,753,487,0,0.0,0.0,0,0,500.0,,101.5,0.0,0.0
12:33:00,12:34:00,754,494,0,0.0,0.0,0,0,500.0,,101.5,0.0,0.0
12:34:00,12:35:00,755,501,0,0.0,0.0,0,0,500.0,,101.5,0.0,0.0
12:35:00,12:36:00,756,526,0,0.0,0.0,0,0,600.0,,101.5,0.0,0.0
12:36:00,12:37:00,757,546,0,0.0,0.0,0,0,600.0,,101.5,0.0,0.0
12:37:00,12:38:00,758,526,0,0.0,0.0,0,0,600.0,,101.5,0.0,0.0
12:38:00,12:39:00,759,515,0,0.0,0.0,0,0,600.0,,101.5,0.0,0.0
12:39:00,12:40:00,760,495,0,0.0,0.0,0,0,600.0,,101.5,0.0,0.0
12:40:00,12:41:00,761,485,0,0.0,0.0,0,0,500.0,,101.5,0.0,0.0
12:41:00,12:42:00,762,474,0,0.0,0.0,0,0,500.0,,101.5,0.0,0.0
12:42:00,12:43:00,763,471,0,0.0,0.0,0,0,500.0,,101.5,0.0,0.0
12:43:00,12:44:00,764,466,0,0.0,0.0,0,0,500.0,,101.5,0.0,0.0
12:44:00,12:45:00,765,466,0,0.0,0.0,0,0,500.0,,101.5,0.0,0.0
12:45:00,12:46:00,766,464,0,0.0,0.0,0,0,500.0,,103.5,0.0,0.0
12:46:00,12:47:00,767,495,0,0.0,0.0,0,0,600.0,,103.5,0.0,0.0
12:47:00,12:48:00,768,540,0,0.0,0.0,0,0,600.0,,103.5,0.0,0.0
12:48:00,12:49:00,769,522,0,0.0,0.0,0,0,600.0,,103.5,0.0,0.0
12:49:00,12:50:00,770,538,0,0.0,0.0,0,0,600.0,,103.5,0.0,0.0
12:50:00,12:51:00,771,519,0,0.0,0.0,0,0,600.0,,103.5,0.0,0.0
12:51:00,12:52:00,772,542,0,0.0,0.0,0,0,800.0,,103.5,0.0,0.0
12:52:00,12:53:00,773,535,0,0.0,0.0,0,0,1665.0,,103.5,0.0,0.0
12:53:00,12:54:00,774,564,0,0.0,0.0,0,0,1665.0,,103.5,0.0,0.0
12:54:00,12:55:00,775,533,0,0.0,0.0,0,0,800.0,,103.5,0.0,0.0
12:55:00,12:56:00,776,513,0,0.0,0.0,0,0,800.0,,103.5,0.0,0.0
12:56:00,12:57:00,777,464,0,0.0,0.0,0,0,600.0,,103.5,0.0,0.0
12:57:00,12:58:00,778,414,0,0.0,0.0,0,0,600.0,,103.5,0.0,0.0
12:58:00,12:59:00,779,374,0,0.0,0.0,0,0,600.0,,103.5,0.0,0.0
12:59:00,13:00:00,780,357,0,0.0,0.0,0,0,500.0,,103.5,0.0,0.0
13:00:00,13:01:00,781,343,0,0.0,0.0,0,0,500.0,,104.5,0.0,264.2
13:01:00,13:02:00,782,413,0,0.0,0.0,0,0,505.0,,104.5,0.0,143.5
13:02:00,13:03:00,783,439,0,0.0,0.0,0,0,505.0,,104.5,0.0,126.1
13:03:00,13:04:00,784,483,0,0.0,0.0,0,0,600.0,,104.5,0.0,72.2
13:04:00,13:05:00,785,503,0,0.0,0.0,0,0,600.0,,104.5,0.0,0.0
13:05:00,13:06:00,786,559,0,0.0,0.0,0,0,505.0,,104.5,0.0,0.0
13:06:00,13:07:00,787,558,0,0.0,0.0,0,0,505.0,,104.5,0.0,0.0
13:07:00,13:08:00,788,537,0,0.0,0.0,0,0,505.0,,104.5,0.0,0.0
13:08:00,13:09:00,789,569,0,0.0,0.0,0,0,505.0,,104.5,0.0,0.0
13:09:00,13:10:00,790,584,0,0.0,0.0,0,0,1889.0,,104.5,0.0,0.0
13:10:00,13:11:00,791,598,0,0.0,0.0,0,0,2000.0,,104.5,0.0,0.0
13:11:00,13:12:00,792,611,0,0.0,0.0,0,0,2000.0,,104.5,0.0,0.0
13:12:00,13:13:00,793,621,0,0.0,0.0,0,0,2000.0,,104.5,0.0,0.0
13:13:00,13:14:00,794,635,0,0.0,0.0,0,0,2000.0,,104.5,0.0,0.0
13:14:00,13:15:00,795,633,0,0.0,0.0,0,0,2000.0,,104.5,0.0,0.0
13:15:00,13:16:00,796,628,0,0.0,0.0,0,0,2000.0,,104.5,0.0,0.0
13:16:00,13:17:00,797,629,0,0.0,0.0,0,0,1889.0,,104.5,0.0,0.0
13:17:00,13:18:00,798,634,0,0.0,0.0,0,0,2000.0,,104.5,0.0,0.0
13:18:00,13:19:00,799,639,0,0.0,0.0,0,0,2000.0,,104.5,0.0,0.0
13:19:00,13:20:00,800,641,0,0.0,0.0,0,0,3962.13,,104.5,0.0,0.0
13:20:00,13:21:00,801,643,0,0.0,0.0,0,0,3962.13,,104.5,0.0,0.0
13:21:00,13:22:00,802,644,0,0.0,0.0,0,0,3962.13,,104.5,0.0,0.0
13:22:00,13:23:00,803,644,0,0.0,0.0,199,0,3962.13,,104.5,0.0,0.0
13:23:00,13:24:00,804,643,0,0.0,0.0,199,0,3962.13,,104.5,0.0,0.0
13:24:00,13:25:00,805,637,0,0.0,0.0,199,0,3962.13,,104.5,0.0,0.0
13:25:00,13:26:00,806,628,0,0.0,0.0,199,0,2000.0,,104.5,0.0,0.0
13:26:00,13:27:00,807,617,0,0.0,0.0,199,0,2000.0,,104.5,0.0,0.0
13:27:00,13:28:00,808,606,0,0.0,0.0,199,0,2000.0,,104.5,0.0,0.0
13:28:00,13:29:00,809,609,0,0.0,0.0,199,0,2000.0,,104.5,0.0,0.0
13:29:00,13:30:00,810,613,0,0.0,0.0,199,0,1889.0,,104.5,0.0,0.0
13:30:00,13:31:00,811,613,0,0.0,0.0,199,0,1889.0,,104.5,0.0,0.0
13:31:00,13:32:00,812,605,0,0.0,0.0,199,0,1889.0,,104.5,0.0,18.4
13:32:00,13:33:00,813,572,0,0.0,0.0,199,0,1665.0,,104.5,0.0,33.8
13:33:00,13:34:00,814,588,0,0.0,0.0,199,0,1665.0,,104.5,0.0,0.0
13:34:00,13:35:00,815,588,0,0.0,0.0,199,0,1664.0,,104.5,0.0,0.0
13:35:00,13:36:00,816,583,0,0.0,0.0,199,0,1664.0,,104.5,0.0,0.0
13:36:00,13:37:00,817,586,0,0.0,0.0,199,0,1664.0,,104.5,0.0,0.0
13:37:00,13:38:00,818,585,0,0.0,0.0,199,0,1664.0,,104.5,0.0,0.0
13:38:00,13:39:00,819,583,0,0.0,0.0,199,0,1664.0,,104.5,0.0,0.0
13:39:00,13:40:00,820,583,0,0.0,0.0,199,0,1664.0,,104.5,0.0,0.0
13:40:00,13:41:00,821,580,0,0.0,0.0,199,0,1664.0,,104.5,0.0,0.0
13:41:00,13:42:00,822,577,0,0.0,0.0,199,0,1664.0,,104.5,0.0,0.0
13:42:00,13:43:00,823,514,0,0.0,0.0,199,0,1200.0,,104.5,0.0,35.2
13:43:00,13:44:00,824,532,0,0.0,0.0,199,0,1200.0,,104.5,0.0,3.2
13:44:00,13:45:00,825,489,0,0.0,0.0,199,0,1200.0,,104.5,0.0,0.0
13:45:00,13:46:00,826,483,0,0.0,0.0,199,0,500.0,,104.5,0.0,0.0
13:46:00,13:47:00,827,451,0,0.0,0.0,199,0,500.0,,104.5,0.0,0.0
13:47:00,13:48:00,828,409,0,0.0,0.0,199,0,500.0,,104.5,0.0,0.0
13:48:00,13:49:00,829,399,0,35.0,0.0,199,0,499.79,,104.5,0.0,53.0
13:49:00,13:50:00,830,377,0,23.4,0.0,199,0,499.79,,104.5,0.0,46.8
13:50:00,13:51:00,831,352,0,45.9,0.0,199,0,499.79,,104.5,0.0,91.9
13:51:00,13:52:00,832,334,0,34.7,0.0,199,0,499.79,,104.5,0.0,69.4
13:52:00,13:53:00,833,307,0,21.8,0.0,199,0,498.89,,104.5,0.0,43.6
13:53:00,13:54:00,834,292,0,46.9,0.0,199,0,400.0,,104.5,0.0,106.0
13:54:00,13:55:00,835,296,0,0.0,0.0,0,0,200.0,,104.5,0.0,0.0
13:55:00,13:56:00,836,291,0,11.6,0.0,0,0,200.0,,104.5,0.0,115.4
13:56:00,13:57:00,837,292,0,11.2,0.0,0,0,200.0,,104.5,0.0,65.4
13:57:00,13:58:00,838,286,0,48.1,0.0,0,0,200.0,,104.5,0.0,230.6
13:58:00,13:59:00,839,251,0,153.2,0.0,0,0,200.0,,104.5,0.0,177.7
13:59:00,14:00:00,840,208,0,50.9,0.0,0,0,172.6,,104.5,0.0,250.7
14:00:00,14:01:00,841,165,0,14.5,0.0,0,0,140.9,,104.5,0.0,213.6
14:01:00,14:02:00,842,162,0,19.1,0.0,0,0,150.0,,104.5,0.0,175.4
14:02:00,14:03:00,843,161,0,0.0,0.0,0,0,150.0,,104.5,0.0,56.2
14:03:00,14:04:00,844,165,0,0.0,0.0,0,0,150.0,,104.5,0.0,0.0
14:04:00,14:05:00,845,189,0,0.0,0.0,0,0,200.0,,104.5,0.0,0.0
14:05:00,14:06:00,846,261,0,0.0,0.0,0,0,499.19,,104.5,0.0,0.0
14:06:00,14:07:00,847,309,0,0.0,0.0,0,0,500.0,,104.5,0.0,0.0
14:07:00,14:08:00,848,325,0,0.0,0.0,0,0,499.59,,104.5,0.0,0.0
14:08:00,14:09:00,849,316,0,0.0,0.0,0,0,499.39,,104.5,0.0,1.2
14:09:00,14:10:00,850,283,0,23.3,0.0,0,0,499.09,,104.5,0.0,103.4
14:10:00,14:11:00,851,276,0,19.1,0.0,0,0,400.0,,104.5,0.0,97.5
14:11:00,14:12:00,852,281,0,13.5,0.0,0,0,200.0,,104.5,0.0,81.1
14:12:00,14:13:00,853,280,0,19.4,0.0,0,0,200.0,,104.5,0.0,154.8
14:13:00,14:14:00,854,282,0,20.7,0.0,0,0,200.0,,104.5,0.0,219.6
14:14:00,14:15:00,855,274,0,20.7,0.0,0,0,200.0,,104.5,0.0,330.2
14:15:00,14:16:00,856,247,0,13.6,0.0,0,0,187.0,,104.0,0.0,184.0
14:16:00,14:17:00,857,232,0,1.4,0.0,0,0,172.6,,104.0,0.0,286.5
14:17:00,14:18:00,858,221,0,0.0,0.0,0,0,172.6,,104.0,0.0,263.9
14:18:00,14:19:00,859,201,0,0.4,0.0,0,0,172.6,,104.0,0.0,294.0
14:19:00,14:20:00,860,186,0,0.0,0.0,0,0,172.6,,104.0,0.0,251.1
14:20:00,14:21:00,861,156,0,0.0,0.0,0,0,163.0,,104.0,0.0,277.5
14:21:00,14:22:00,862,150,0,0.0,0.0,0,0,150.0,,104.0,0.0,152.4
14:22:00,14:23:00,863,145,0,0.0,0.0,0,0,140.9,,104.0,0.0,101.8
14:23:00,14:24:00,864,163,0,0.0,0.0,0,0,163.0,,104.0,0.0,137.7
14:24:00,14:25:00,865,178,0,11.2,0.0,0,0,187.0,,104.0,0.0,155.3
14:25:00,14:26:00,866,175,0,0.0,0.0,0,0,163.0,,104.0,0.0,94.2
14:26:00,14:27:00,867,166,0,12.8,0.0,0,0,150.0,,104.0,0.0,135.7
14:27:00,14:28:00,868,135,0,11.8,0.0,0,0,150.0,,104.0,0.0,194.0
14:28:00,14:29:00,869,111,0,36.2,0.0,0,0,140.9,,104.0,0.0,133.0
14:29:00,14:30:00,870,104,0,24.5,0.0,0,0,140.9,,104.0,0.0,214.2
14:30:00,14:31:00,871,103,0,40.3,0.0,0,0,140.9,,197.08,0.0,278.9
14:31:00,14:32:00,872,89,0,1.5,0.0,0,0,140.9,,197.08,0.0,133.5
14:32:00,14:33:00,873,54,0,1.5,0.0,0,0,140.1,,197.08,0.0,192.6
14:33:00,14:34:00,874,39,0,0.6,0.0,0,0,140.1,,197.08,0.0,353.0
14:34:00,14:35:00,875,33,0,17.5,0.0,0,0,140.9,,197.08,0.0,473.5
14:35:00,14:36:00,876,83,0,33.1,0.0,0,0,163.0,,197.08,0.0,438.3
14:36:00,14:37:00,877,112,0,13.9,0.0,0,0,163.0,,197.08,0.0,433.3
14:37:00,14:38:00,878,146,0,11.9,0.0,0,0,163.0,,197.08,0.0,464.6
14:38:00,14:39:00,879,171,0,11.1,0.0,0,0,163.0,,197.08,0.0,581.3
14:39:00,14:40:00,880,205,0,15.5,0.0,0,0,187.0,,197.08,0.0,548.6
14:40:00,14:41:00,881,217,0,13.0,0.0,0,0,187.0,,197.08,0.0,444.1
14:41:00,14:42:00,882,236,0,0.0,0.0,0,0,200.0,,197.08,0.0,457.2
14:42:00,14:43:00,883,234,0,0.0,0.0,0,0,187.0,,197.08,0.0,480.3
14:43:00,14:44:00,884,242,0,10.5,0.0,0,0,200.0,,197.08,0.0,552.4
14:44:00,14:45:00,885,253,0,14.8,0.0,0,0,200.0,,197.08,0.0,610.4
14:45:00,14:46:00,886,243,0,22.0,0.0,0,0,187.0,,104.0,0.0,479.0
14:46:00,14:47:00,887,221,0,17.4,0.0,0,0,172.6,,104.0,0.0,628.7
14:47:00,14:48:00,888,209,0,23.8,0.0,0,0,172.6,,104.0,0.0,652.4
14:48:00,14:49:00,889,182,0,9.2,0.0,0,0,172.6,,104.0,0.0,669.4
14:49:00,14:50:00,890,157,0,15.6,0.0,0,0,172.6,,104.0,0.0,727.6
14:50:00,14:51:00,891,148,0,12.3,0.0,0,0,150.0,,104.0,0.0,775.9
14:51:00,14:52:00,892,165,0,12.6,0.0,0,0,172.6,,104.0,0.0,802.8
14:52:00,14:53:00,893,187,0,1.7,0.0,0,0,200.0,,104.0,0.0,774.1
14:53:00,14:54:00,894,208,0,10.3,0.0,0,0,200.0,,104.0,0.0,733.8
14:54:00,14:55:00,895,217,0,5.5,0.0,0,0,200.0,,104.0,0.0,822.1
14:55:00,14:56:00,896,226,0,20.1,0.0,0,0,200.0,,104.0,0.0,884.7
14:56:00,14:57:00,897,231,0,26.4,0.0,0,0,187.0,,104.0,0.0,901.6
14:57:00,14:58:00,898,244,0,20.0,0.0,0,0,200.0,,104.0,0.0,866.1
14:58:00,14:59:00,899,246,0,1.8,0.0,0,0,200.0,,104.0,0.0,875.7
14:59:00,15:00:00,900,253,0,6.3,0.0,0,0,200.0,,104.0,0.0,840.7
15:00:00,15:01:00,901,221,0,0.0,0.0,0,0,170.0,,104.0,0.0,572.9
15:01:00,15:02:00,902,194,0,0.0,0.0,0,0,170.0,,104.0,0.0,572.3
15:02:00,15:03:00,903,128,0,0.0,75.0,0,0,170.0,,104.0,0.0,569.1
15:03:00,15:04:00,904,86,0,0.0,75.0,0,0,170.0,,104.0,0.0,540.7
15:04:00,15:05:00,905,45,1,0.0,53.5,0,0,170.0,169.0,104.0,0.0,484.2
15:05:00,15:06:00,906,16,0,0.0,54.3,0,0,139.9,,104.0,0.0,488.5
15:06:00,15:07:00,907,4,0,0.0,54.7,0,0,139.8,,104.0,0.0,509.4
15:07:00,15:08:00,908,1,0,0.0,39.0,0,0,40.0,,104.0,0.0,479.0
15:08:00,15:09:00,909,23,0,15.5,0.0,0,0,140.9,,104.0,0.0,789.5
15:09:00,15:10:00,910,69,0,8.9,0.0,0,0,163.0,,104.0,0.0,760.0
15:10:00,15:11:00,911,109,0,3.2,0.0,0,0,163.0,,104.0,0.0,743.6
15:11:00,15:12:00,912,152,0,0.0,0.0,0,0,172.6,,104.0,0.0,793.5
15:12:00,15:13:00,913,188,0,0.0,0.0,0,0,170.0,,104.0,0.0,797.1
15:13:00,15:14:00,914,212,0,0.0,0.0,0,0,197.0,,104.0,0.0,822.3
15:14:00,15:15:00,915,231,0,1.7,0.0,0,0,200.0,,104.0,0.0,798.7
15:15:00,15:16:00,916,232,0,0.4,0.0,0,0,200.0,,104.0,0.0,798.9
15:16:00,15:17:00,917,237,0,0.0,0.0,0,0,197.0,,104.0,0.0,728.3
15:17:00,15:18:00,918,234,0,3.7,0.0,0,0,185.21,,104.0,0.0,617.0
15:18:00,15:19:00,919,186,0,0.0,23.1,0,0,172.6,,104.0,0.0,544.5
15:19:00,15:20:00,920,112,0,0.0,48.0,0,0,172.6,,104.0,0.0,600.0
15:20:00,15:21:00,921,73,0,0.0,91.0,0,0,170.0,,104.0,0.0,491.4
15:21:00,15:22:00,922,79,0,7.4,0.0,0,0,170.0,,104.0,0.0,782.1
15:22:00,15:23:00,923,116,0,1.5,0.0,0,0,163.0,,104.0,0.0,772.7
15:23:00,15:24:00,924,141,0,0.0,0.0,0,0,185.21,,104.0,0.0,795.5
15:24:00,15:25:00,925,179,0,0.0,0.0,0,0,197.0,,104.0,0.0,756.2
15:25:00,15:26:00,926,206,0,0.0,0.0,0,0,185.21,,104.0,0.0,783.7
15:26:00,15:27:00,927,224,0,5.2,0.0,0,0,200.0,,104.0,0.0,774.8
15:27:00,15:28:00,928,228,0,5.2,0.0,0,0,197.0,,104.0,0.0,719.8
15:28:00,15:29:00,929,243,0,11.2,0.0,0,0,200.0,,104.0,0.0,701.0
15:29:00,15:30:00,930,244,0,17.1,0.0,0,0,200.0,,104.0,0.0,717.9
15:30:00,15:31:00,931,251,0,29.3,0.0,0,0,200.0,,104.0,0.0,732.1
15:31:00,15:32:00,932,233,0,30.5,0.0,0,0,197.0,,104.0,0.0,661.6
15:32:00,15:33:00,933,214,0,25.3,0.0,0,0,175.0,,104.0,0.0,620.2
15:33:00,15:34:00,934,165,0,0.0,39.0,0,0,172.6,,104.0,0.0,558.1
15:34:00,15:35:00,935,127,0,11.1,0.0,0,0,172.6,,104.0,0.0,655.6
15:35:00,15:36:00,936,119,0,13.9,0.0,0,0,172.6,,104.0,0.0,687.9
15:36:00,15:37:00,937,104,0,25.4,0.0,0,0,163.0,,104.0,0.0,798.7
15:37:00,15:38:00,938,128,0,35.7,0.0,0,0,163.0,,104.0,0.0,820.9
15:38:00,15:39:00,939,156,0,11.0,0.0,0,0,172.6,,104.0,0.0,672.7
15:39:00,15:40:00,940,175,0,4.4,0.0,0,0,172.6,,104.0,0.0,686.4
15:40:00,15:41:00,941,193,0,15.9,0.0,0,0,172.6,,104.0,0.0,860.6
15:41:00,15:42:00,942,203,0,19.8,0.0,0,0,172.6,,104.0,0.0,712.1
15:42:00,15:43:00,943,193,0,26.9,0.0,0,0,170.0,,104.0,0.0,821.9
15:43:00,15:44:00,944,184,0,6.9,0.0,0,0,163.0,,104.0,0.0,655.9
15:44:00,15:45:00,945,171,0,17.9,0.0,0,0,163.0,,104.0,0.0,807.2
15:45:00,15:46:00,946,165,0,27.9,0.0,0,0,163.0,,104.0,0.0,796.2
15:46:00,15:47:00,947,174,0,31.7,0.0,0,0,163.0,,104.0,0.0,772.7
15:47:00,15:48:00,948,173,0,26.4,0.0,0,0,163.0,,104.0,0.0,834.1
15:48:00,15:49:00,949,175,0,14.3,0.0,0,0,163.0,,104.0,0.0,842.8
15:49:00,15:50:00,950,149,0,0.0,68.8,0,0,150.0,,104.0,0.0,555.8
15:50:00,15:51:00,951,110,0,0.0,24.7,0,0,150.0,,104.0,0.0,597.8
15:51:00,15:52:00,952,80,0,0.0,63.0,0,0,150.0,,104.0,0.0,505.2
15:52:00,15:53:00,953,49,0,0.0,38.5,0,0,150.0,,104.0,0.0,478.2
15:53:00,15:54:00,954,19,0,0.0,39.0,0,0,150.0,,104.0,0.0,487.4
15:54:00,15:55:00,955,4,0,3.8,0.0,0,0,139.9,,104.0,0.0,482.8
15:55:00,15:56:00,956,1,0,0.0,16.1,0,0,40.0,,104.0,0.0,480.0
15:56:00,15:57:00,957,17,0,0.0,39.0,0,0,140.9,,104.0,0.0,462.5
15:57:00,15:58:00,958,36,0,0.0,0.0,0,0,140.1,,104.0,0.0,409.2
15:58:00,15:59:00,959,45,0,0.0,39.0,0,0,140.9,,104.0,0.0,428.6
15:59:00,16:00:00,960,72,0,0.0,39.0,0,0,140.9,,104.0,0.0,404.3
16:00:00,16:01:00,961,89,0,12.6,0.0,0,0,140.9,,104.0,0.0,543.7
16:01:00,16:02:00,962,111,0,10.5,0.0,0,0,163.0,,104.0,0.0,500.5
16:02:00,16:03:00,963,152,0,25.3,0.0,0,0,200.0,,104.0,0.0,381.3
16:03:00,16:04:00,964,182,0,26.1,0.0,0,0,200.0,,104.0,0.0,286.8
16:04:00,16:05:00,965,178,0,11.0,0.0,0,0,200.0,,104.0,0.0,225.9
16:05:00,16:06:00,966,195,0,31.2,0.0,0,0,200.0,,104.0,0.0,214.6
16:06:00,16:07:00,967,200,0,17.2,0.0,0,0,200.0,,104.0,0.0,238.9
16:07:00,16:08:00,968,221,0,20.8,0.0,0,0,226.0,,104.0,0.0,147.8
16:08:00,16:09:00,969,223,0,23.5,0.0,0,0,200.0,,104.0,0.0,130.6
16:09:00,16:10:00,970,226,0,17.3,0.0,0,0,200.0,,104.0,0.0,145.6
16:10:00,16:11:00,971,232,0,10.2,0.0,0,0,200.0,,104.0,0.0,106.7
16:11:00,16:12:00,972,236,0,16.1,0.0,0,0,200.0,,104.0,0.0,168.8
16:12:00,16:13:00,973,238,0,22.1,0.0,0,0,226.0,,104.0,0.0,176.2
16:13:00,16:14:00,974,242,0,18.7,0.0,0,0,226.0,,104.0,0.0,116.2
16:14:00,16:15:00,975,241,0,16.5,0.0,0,0,226.0,,104.0,0.0,158.4
16:15:00,16:16:00,976,229,0,20.6,0.0,0,0,200.0,,104.0,0.0,283.6
16:16:00,16:17:00,977,246,0,22.4,0.0,0,0,200.0,,104.0,0.0,289.8
16:17:00,16:18:00,978,247,0,18.0,0.0,0,0,200.0,,104.0,0.0,341.5
16:18:00,16:19:00,979,261,0,10.6,0.0,0,0,200.0,,104.0,0.0,332.4
16:19:00,16:20:00,980,271,0,8.5,0.0,0,0,200.0,,104.0,0.0,349.1
16:20:00,16:21:00,981,272,0,6.3,0.0,0,0,200.0,,104.0,0.0,370.6
16:21:00,16:22:00,982,281,0,9.2,0.0,0,0,200.0,,104.0,0.0,342.1
16:22:00,16:23:00,983,281,0,9.5,0.0,0,0,200.0,,104.0,0.0,306.8
16:23:00,16:24:00,984,287,0,3.5,0.0,0,0,226.0,,104.0,0.0,240.6
16:24:00,16:25:00,985,289,0,3.0,0.0,0,0,226.0,,104.0,0.0,168.4
16:25:00,16:26:00,986,292,0,6.2,0.0,0,0,226.0,,104.0,0.0,148.4
16:26:00,16:27:00,987,291,0,4.7,0.0,0,0,226.0,,104.0,0.0,190.6
16:27:00,16:28:00,988,293,0,9.8,0.0,0,0,226.0,,104.0,0.0,156.5
16:28:00,16:29:00,989,295,0,7.3,0.0,0,0,226.0,,104.0,0.0,125.2
16:29:00,16:30:00,990,294,0,11.4,0.0,0,0,226.0,,104.0,0.0,186.3
16:30:00,16:31:00,991,294,0,11.6,0.0,0,0,226.0,,104.0,0.0,223.5
16:31:00,16:32:00,992,294,0,18.1,0.0,0,0,226.0,,104.0,0.0,299.5
16:32:00,16:33:00,993,293,0,9.9,0.0,0,0,226.0,,104.0,0.0,406.9
16:33:00,16:34:00,994,295,0,8.0,0.0,0,0,270.05,,104.0,0.0,461.3
16:34:00,16:35:00,995,298,0,9.4,0.0,0,0,270.05,,104.0,0.0,496.3
16:35:00,16:36:00,996,301,0,12.8,0.0,0,0,270.05,,104.0,0.0,494.0
16:36:00,16:37:00,997,304,0,4.3,0.0,0,0,400.0,,104.0,0.0,474.0
16:37:00,16:38:00,998,300,0,3.6,0.0,0,0,270.05,,104.0,0.0,523.8
16:38:00,16:39:00,999,299,0,2.9,0.0,0,0,270.05,,104.0,0.0,543.0
16:39:00,16:40:00,1000,297,0,2.6,0.0,0,0,270.05,,104.0,0.0,613.7
16:40:00,16:41:00,1001,297,0,3.1,0.0,0,0,270.05,,104.0,0.0,575.5
16:41:00,16:42:00,1002,294,0,0.3,0.0,0,0,226.0,,104.0,0.0,666.3
16:42:00,16:43:00,1003,295,0,0.0,0.0,0,0,226.0,,104.0,0.0,639.9
16:43:00,16:44:00,1004,297,0,0.0,0.0,0,0,270.05,,104.0,0.0,553.0
16:44:00,16:45:00,1005,296,0,0.0,0.0,0,0,270.05,,104.0,0.0,569.3
16:45:00,16:46:00,1006,295,0,6.4,0.0,0,0,226.0,,104.0,0.0,584.5
16:46:00,16:47:00,1007,296,0,12.4,0.0,0,0,400.0,,104.0,0.0,545.9
16:47:00,16:48:00,1008,292,0,7.9,0.0,0,0,226.0,,104.0,0.0,531.0
16:48:00,16:49:00,1009,286,0,0.8,0.0,0,0,200.0,,104.0,0.0,529.9
16:49:00,16:50:00,1010,254,0,0.7,0.0,0,0,200.0,,104.0,0.0,680.4
16:50:00,16:51:00,1011,257,0,0.1,0.0,0,0,175.0,,104.0,0.0,712.5
16:51:00,16:52:00,1012,268,0,3.1,0.0,0,0,200.0,,104.0,0.0,644.2
16:52:00,16:53:00,1013,272,0,1.6,0.0,0,0,200.0,,104.0,0.0,543.5
16:53:00,16:54:00,1014,280,0,2.5,0.0,0,0,200.0,,104.0,0.0,390.4
16:54:00,16:55:00,1015,286,0,1.9,0.0,0,0,200.0,,104.0,0.0,270.4
16:55:00,16:56:00,1016,288,0,0.0,0.0,0,0,226.0,,104.0,0.0,137.5
16:56:00,16:57:00,1017,290,0,0.0,0.0,0,0,226.0,,104.0,0.0,50.8
16:57:00,16:58:00,1018,293,0,0.0,0.0,0,0,226.0,,104.0,54.9,0.0
16:58:00,16:59:00,1019,295,0,0.0,0.0,0,0,226.0,,104.0,127.1,0.0
16:59:00,17:00:00,1020,301,0,0.0,0.0,0,0,400.0,,104.0,254.8,0.0
17:00:00,17:01:00,1021,310,0,6.4,0.0,0,0,500.0,,104.0,331.0,0.0
17:01:00,17:02:00,1022,277,0,6.8,0.0,0,0,500.0,,104.0,145.6,0.0
17:02:00,17:03:00,1023,274,0,5.9,0.0,0,0,500.0,,104.0,88.7,0.0
17:03:00,17:04:00,1024,266,0,4.1,0.0,0,0,500.0,,104.0,0.0,37.3
17:04:00,17:05:00,1025,256,0,6.2,0.0,0,0,500.0,,104.0,0.0,124.0
17:05:00,17:06:00,1026,249,0,3.6,0.0,0,0,400.0,,104.0,0.0,164.1
17:06:00,17:07:00,1027,251,0,5.8,0.0,0,0,271.0,,104.0,0.0,109.5
17:07:00,17:08:00,1028,253,0,5.5,0.0,0,0,271.0,,104.0,0.0,74.1
17:08:00,17:09:00,1029,252,0,5.4,0.0,0,0,271.0,,104.0,0.0,101.8
17:09:00,17:10:00,1030,254,0,5.5,0.0,0,0,271.0,,104.0,0.0,43.4
17:10:00,17:11:00,1031,257,0,0.0,0.0,0,0,271.0,,104.0,0.0,14.7
17:11:00,17:12:00,1032,256,0,1.1,0.0,0,0,271.0,,104.0,0.0,20.4
17:12:00,17:13:00,1033,258,0,2.8,0.0,0,0,271.0,,104.0,20.1,0.0
17:13:00,17:14:00,1034,260,0,1.0,0.0,0,0,400.0,,104.0,7.2,0.0
17:14:00,17:15:00,1035,262,0,1.9,0.0,0,0,400.0,,104.0,19.3,0.0
17:15:00,17:16:00,1036,311,0,0.0,0.0,0,0,500.0,,104.0,0.0,63.6
17:16:00,17:17:00,1037,319,0,0.0,0.0,0,0,500.0,,104.0,0.0,23.1
17:17:00,17:18:00,1038,326,0,0.0,0.0,0,0,500.0,,104.0,0.0,14.4
17:18:00,17:19:00,1039,328,0,0.0,0.0,0,0,500.0,,104.0,0.0,32.2
17:19:00,17:20:00,1040,328,0,0.0,0.0,0,0,500.0,,104.0,0.0,121.7
17:20:00,17:21:00,1041,339,0,0.0,0.0,0,0,500.0,,104.0,0.0,157.8
17:21:00,17:22:00,1042,341,0,0.0,0.0,0,0,500.0,,104.0,0.0,68.9
17:22:00,17:23:00,1043,344,0,0.0,0.0,0,0,500.0,,104.0,0.0,107.7
17:23:00,17:24:00,1044,347,0,0.0,0.0,0,0,500.0,,104.0,0.0,133.4
17:24:00,17:25:00,1045,349,0,0.0,0.0,0,0,500.0,,104.0,0.0,148.0
17:25:00,17:26:00,1046,350,0,0.0,0.0,0,0,500.0,,104.0,0.0,172.1
17:26:00,17:27:00,1047,345,0,0.0,0.0,0,0,500.0,,104.0,0.0,81.0
17:27:00,17:28:00,1048,340,0,0.0,0.0,0,0,500.0,,104.0,0.0,157.1
17:28:00,17:29:00,1049,345,0,0.0,0.0,0,0,500.0,,104.0,0.0,123.4
17:29:00,17:30:00,1050,345,0,0.0,0.0,0,0,500.0,,104.0,0.0,158.8
17:30:00,17:31:00,1051,357,0,0.0,0.0,0,0,500.0,,104.0,0.0,23.6
17:31:00,17:32:00,1052,322,0,2.1,0.0,0,0,500.0,,104.0,0.0,67.7
17:32:00,17:33:00,1053,312,0,0.0,0.0,0,0,500.0,,104.0,0.0,140.9
17:33:00,17:34:00,1054,284,0,2.3,0.0,0,0,500.0,,104.0,0.0,169.4
17:34:00,17:35:00,1055,282,0,3.3,0.0,0,0,500.0,,104.0,0.0,195.2
17:35:00,17:36:00,1056,282,0,11.2,0.0,0,0,500.0,,104.0,0.0,116.8
17:36:00,17:37:00,1057,274,0,4.1,0.0,0,0,500.0,,104.0,0.0,127.7
17:37:00,17:38:00,1058,274,0,8.5,0.0,0,0,500.0,,104.0,0.0,137.6
17:38:00,17:39:00,1059,274,0,1.6,0.0,0,0,500.0,,104.0,0.0,127.4
17:39:00,17:40:00,1060,304,0,6.6,0.0,0,0,500.0,,104.0,0.0,143.8
17:40:00,17:41:00,1061,319,0,2.9,0.0,0,0,500.0,,104.0,0.0,140.0
17:41:00,17:42:00,1062,311,0,3.2,0.0,0,0,500.0,,104.0,0.0,110.2
17:42:00,17:43:00,1063,315,0,3.7,0.0,0,0,500.0,,104.0,0.0,174.5
17:43:00,17:44:00,1064,361,0,4.3,0.0,0,0,505.0,,104.0,0.0,169.9
17:44:00,17:45:00,1065,369,0,0.0,0.0,0,0,600.0,,104.0,0.0,121.4
17:45:00,17:46:00,1066,373,0,0.0,0.0,0,0,599.8,,104.0,0.0,142.3
17:46:00,17:47:00,1067,376,0,0.0,0.0,0,0,599.9,,104.0,0.0,208.3
17:47:00,17:48:00,1068,381,0,0.0,0.0,0,0,599.9,,104.0,0.0,208.5
17:48:00,17:49:00,1069,390,0,0.9,0.0,0,0,600.0,,104.0,0.0,191.9
17:49:00,17:50:00,1070,399,0,0.1,0.0,0,0,600.0,,104.0,0.0,213.0
17:50:00,17:51:00,1071,407,0,0.0,0.0,0,0,600.0,,104.0,0.0,219.4
17:51:00,17:52:00,1072,412,0,0.0,0.0,0,0,600.6,,104.0,0.0,187.8
17:52:00,17:53:00,1073,410,0,4.8,0.0,0,0,600.0,,104.0,0.0,201.3
17:53:00,17:54:00,1074,405,0,0.0,0.0,0,0,600.0,,104.0,0.0,202.1
17:54:00,17:55:00,1075,395,0,0.0,0.0,0,0,600.0,,104.0,0.0,226.6
17:55:00,17:56:00,1076,385,0,0.0,0.0,0,0,599.9,,104.0,0.0,268.5
17:56:00,17:57:00,1077,375,0,0.0,0.0,0,0,599.9,,104.0,0.0,267.3
17:57:00,17:58:00,1078,363,0,0.0,0.0,0,0,599.8,,104.0,0.0,236.4
17:58:00,17:59:00,1079,359,0,0.0,0.0,0,0,500.0,,104.0,0.0,163.7
17:59:00,18:00:00,1080,358,0,0.0,0.0,0,0,500.0,,104.0,0.0,204.8
18:00:00,18:01:00,1081,335,0,0.0,0.0,0,0,500.0,,104.0,0.0,263.4
18:01:00,18:02:00,1082,365,0,0.0,0.0,0,0,505.0,,104.0,0.0,256.3
18:02:00,18:03:00,1083,323,0,0.0,0.0,0,0,500.0,,104.0,0.0,175.2
18:03:00,18:04:00,1084,322,0,0.0,0.0,0,0,500.0,,104.0,0.0,166.4
18:04:00,18:05:00,1085,307,0,0.2,0.0,0,0,500.0,,104.0,0.0,232.5
18:05:00,18:06:00,1086,293,0,2.8,0.0,0,0,499.89,,104.0,0.0,326.6
18:06:00,18:07:00,1087,275,0,2.0,0.0,0,0,499.89,,104.0,0.0,426.9
18:07:00,18:08:00,1088,256,0,0.2,0.0,0,0,499.89,,104.0,0.0,488.9
18:08:00,18:09:00,1089,232,0,0.2,0.0,0,0,499.59,,104.0,0.0,557.6
18:09:00,18:10:00,1090,219,0,0.0,0.0,0,0,499.29,,104.0,0.0,540.8
18:10:00,18:11:00,1091,212,0,0.0,0.0,0,0,400.0,,104.0,0.0,632.8
18:11:00,18:12:00,1092,209,0,0.2,0.0,0,0,172.6,,104.0,0.0,708.6
18:12:00,18:13:00,1093,206,0,0.2,0.0,0,0,172.6,,104.0,0.0,771.2
18:13:00,18:14:00,1094,198,0,1.8,0.0,0,0,172.6,,104.0,0.0,770.8
18:14:00,18:15:00,1095,177,0,1.8,0.0,0,0,172.6,,104.0,0.0,767.8
18:15:00,18:16:00,1096,153,0,9.1,0.0,0,0,150.0,,104.0,0.0,929.0
18:16:00,18:17:00,1097,167,0,6.5,0.0,0,0,163.0,,104.0,0.0,965.6
18:17:00,18:18:00,1098,168,0,6.1,0.0,0,0,163.0,,104.0,0.0,1056.1
18:18:00,18:19:00,1099,183,0,6.0,0.0,0,0,163.0,,104.0,0.0,954.6
18:19:00,18:20:00,1100,191,0,4.7,0.0,0,0,163.0,,104.0,0.0,1027.0
18:20:00,18:21:00,1101,201,0,5.4,0.0,0,0,163.0,,104.0,0.0,927.7
18:21:00,18:22:00,1102,205,0,10.9,0.0,0,0,163.0,,104.0,0.0,955.9
18:22:00,18:23:00,1103,209,0,10.1,0.0,0,0,163.0,,104.0,0.0,1038.5
18:23:00,18:24:00,1104,217,0,5.4,0.0,0,0,163.0,,104.0,0.0,913.4
18:24:00,18:25:00,1105,221,0,5.1,0.0,0,0,163.0,,104.0,0.0,986.3
18:25:00,18:26:00,1106,226,0,17.6,0.0,0,0,163.0,,104.0,0.0,979.6
18:26:00,18:27:00,1107,228,0,5.7,0.0,0,0,172.6,,104.0,0.0,904.0
18:27:00,18:28:00,1108,229,0,19.3,0.0,0,0,172.6,,104.0,0.0,908.4
18:28:00,18:29:00,1109,230,0,18.6,0.0,0,0,172.6,,104.0,0.0,876.4
18:29:00,18:30:00,1110,231,0,0.0,0.0,0,0,172.6,,104.0,0.0,796.1
18:30:00,18:31:00,1111,236,0,2.7,0.0,0,0,264.0,,104.0,0.0,810.2
18:31:00,18:32:00,1112,237,0,1.8,0.0,0,0,264.0,,104.0,0.0,824.3
18:32:00,18:33:00,1113,236,0,2.5,0.0,0,0,264.0,,104.0,0.0,790.0
18:33:00,18:34:00,1114,240,0,0.0,0.0,0,0,492.0,,104.0,0.0,872.2
18:34:00,18:35:00,1115,249,0,0.0,0.0,0,0,449.9,,104.0,0.0,809.0
18:35:00,18:36:00,1116,252,0,0.0,0.0,0,0,449.9,,104.0,0.0,736.2
18:36:00,18:37:00,1117,248,0,0.0,0.0,0,0,449.9,,104.0,0.0,811.4
18:37:00,18:38:00,1118,239,0,0.0,0.0,0,0,400.0,,104.0,0.0,875.3
18:38:00,18:39:00,1119,236,0,0.0,0.0,0,0,400.0,,104.0,0.0,799.9
18:39:00,18:40:00,1120,232,0,1.0,0.0,0,0,264.0,,104.0,0.0,876.1
18:40:00,18:41:00,1121,229,0,0.0,0.0,0,0,264.0,,104.0,0.0,967.6
18:41:00,18:42:00,1122,228,0,0.9,0.0,0,0,264.0,,104.0,0.0,969.7
18:42:00,18:43:00,1123,224,0,3.2,0.0,0,0,249.9,,104.0,0.0,1043.4
18:43:00,18:44:00,1124,229,0,0.0,0.0,0,0,264.0,,104.0,0.0,952.8
18:44:00,18:45:00,1125,229,0,3.2,0.0,0,0,264.0,,104.0,0.0,986.6
18:45:00,18:46:00,1126,226,0,5.7,0.0,0,0,264.0,,104.0,0.0,1013.4
18:46:00,18:47:00,1127,227,0,3.4,0.0,0,0,264.0,,104.0,0.0,1031.3
18:47:00,18:48:00,1128,232,0,1.8,0.0,0,0,264.0,,104.0,0.0,936.0
18:48:00,18:49:00,1129,235,0,4.7,0.0,0,0,400.0,,104.0,0.0,873.7
18:49:00,18:50:00,1130,235,0,7.0,0.0,0,0,400.0,,104.0,0.0,913.1
18:50:00,18:51:00,1131,233,0,8.2,0.0,0,0,400.0,,104.0,0.0,939.6
18:51:00,18:52:00,1132,228,0,4.9,0.0,0,0,264.0,,104.0,0.0,1011.7
18:52:00,18:53:00,1133,229,0,6.0,0.0,0,0,264.0,,104.0,0.0,942.6
18:53:00,18:54:00,1134,226,0,8.1,0.0,0,0,264.0,,104.0,0.0,1010.3
18:54:00,18:55:00,1135,226,0,4.9,0.0,0,0,264.0,,104.0,0.0,1017.2
18:55:00,18:56:00,1136,224,0,2.0,0.0,0,0,200.0,,104.0,0.0,1031.0
18:56:00,18:57:00,1137,224,0,10.7,0.0,0,0,200.0,,104.0,0.0,1052.6
18:57:00,18:58:00,1138,218,0,16.2,0.0,0,0,172.6,,104.0,0.0,1062.3
18:58:00,18:59:00,1139,197,0,24.8,0.0,0,0,172.6,,104.0,0.0,1232.4
18:59:00,19:00:00,1140,164,0,0.0,0.0,0,0,172.6,,104.0,0.0,1121.9
19:00:00,19:01:00,1141,117,0,8.2,0.0,0,0,,,104.0,0.0,1177.6
19:01:00,19:02:00,1142,70,0,0.0,0.0,0,0,,,104.0,0.0,1166.8
19:02:00,19:03:00,1143,32,0,0.0,29.0,0,0,,,104.0,0.0,1147.4
19:03:00,19:04:00,1144,9,0,0.0,46.3,0,0,,,104.0,0.0,1134.4
19:04:00,19:05:00,1145,1,0,0.0,0.0,0,0,,,104.0,0.0,1108.9
19:05:00,19:06:00,1146,0,0,0.0,58.6,0,0,,169.0,104.0,0.0,1025.3
19:06:00,19:07:00,1147,0,9,0.0,90.9,0,0,,150.0,104.0,0.0,928.1
19:07:00,19:08:00,1148,0,18,0.0,79.1,0,0,,150.0,104.0,0.0,977.6
19:08:00,19:09:00,1149,0,15,0.0,67.4,0,0,,150.0,104.0,0.0,989.4
19:09:00,19:10:00,1150,0,12,0.0,30.8,0,0,,150.0,104.0,0.0,1002.6
19:10:00,19:11:00,1151,0,11,0.0,27.8,0,0,,150.0,104.0,0.0,937.8
19:11:00,19:12:00,1152,0,22,0.0,37.5,0,0,,150.0,104.0,0.0,767.1
19:12:00,19:13:00,1153,0,42,0.0,60.0,0,0,,75.9,104.0,0.0,558.0
19:13:00,19:14:00,1154,0,64,0.0,27.5,0,0,,75.9,104.0,0.0,611.3
19:14:00,19:15:00,1155,0,84,0.0,25.8,0,0,,74.4,104.0,0.0,579.6
19:15:00,19:16:00,1156,0,96,0.0,14.3,0,0,,74.4,104.0,0.0,575.2
19:16:00,19:17:00,1157,0,77,86.0,0.0,0,0,,75.9,104.0,0.0,723.3
19:17:00,19:18:00,1158,0,43,110.2,0.0,0,0,,78.75,104.0,0.0,756.4
19:18:00,19:19:00,1159,0,15,85.7,0.0,0,0,,79.28,104.0,0.0,743.3
19:19:00,19:20:00,1160,19,5,81.5,0.0,0,0,140.9,95.9,104.0,0.0,554.3
19:20:00,19:21:00,1161,30,0,59.6,0.0,0,0,140.9,,104.0,0.0,498.7
19:21:00,19:22:00,1162,43,0,59.2,0.0,0,0,140.9,,104.0,0.0,524.3
19:22:00,19:23:00,1163,65,0,51.0,0.0,0,0,163.0,,104.0,0.0,590.0
19:23:00,19:24:00,1164,68,0,44.1,0.0,0,0,150.0,,104.0,0.0,472.8
19:24:00,19:25:00,1165,69,0,38.0,0.0,0,0,140.9,,104.0,0.0,499.1
19:25:00,19:26:00,1166,63,0,0.0,33.2,0,0,140.9,,104.0,0.0,431.2
19:26:00,19:27:00,1167,49,0,3.7,0.0,0,0,140.9,,104.0,0.0,377.2
19:27:00,19:28:00,1168,30,0,0.0,0.0,0,0,140.9,,104.0,0.0,336.8
19:28:00,19:29:00,1169,9,0,0.0,39.0,0,0,140.9,,104.0,0.0,318.2
19:29:00,19:30:00,1170,5,0,0.0,0.0,0,0,109.0,,104.0,0.0,351.1
19:30:00,19:31:00,1171,5,0,42.1,0.0,0,0,140.9,,104.0,0.0,446.8
19:31:00,19:32:00,1172,33,0,17.2,0.0,0,0,150.0,,104.0,0.0,576.0
19:32:00,19:33:00,1173,58,0,19.3,0.0,0,0,163.0,,104.0,0.0,646.6
19:33:00,19:34:00,1174,86,0,24.3,0.0,0,0,163.0,,104.0,0.0,622.3
19:34:00,19:35:00,1175,101,0,27.2,0.0,0,0,163.0,,104.0,0.0,643.9
19:35:00,19:36:00,1176,116,0,34.8,0.0,0,0,163.0,,104.0,0.0,675.0
19:36:00,19:37:00,1177,116,0,27.9,0.0,0,0,163.0,,104.0,0.0,736.9
19:37:00,19:38:00,1178,123,0,24.9,0.0,0,0,163.0,,104.0,0.0,721.5
19:38:00,19:39:00,1179,124,0,25.2,0.0,0,0,163.0,,104.0,0.0,786.6
19:39:00,19:40:00,1180,113,0,12.7,0.0,0,0,163.0,,104.0,0.0,720.5
19:40:00,19:41:00,1181,103,0,29.2,0.0,0,0,150.0,,104.0,0.0,702.0
19:41:00,19:42:00,1182,98,0,25.4,0.0,0,0,150.0,,104.0,0.0,655.8
19:42:00,19:43:00,1183,89,0,0.0,0.0,0,0,150.0,,104.0,0.0,611.2
19:43:00,19:44:00,1184,69,0,0.0,31.2,0,0,150.0,,104.0,0.0,558.2
19:44:00,19:45:00,1185,43,0,0.0,27.8,0,0,140.9,,104.0,0.0,602.8
19:45:00,19:46:00,1186,28,12,0.0,22.3,0,0,,150.0,104.22,0.0,487.8
19:46:00,19:47:00,1187,13,1,0.0,16.7,0,0,,168.0,104.22,0.0,546.3
19:47:00,19:48:00,1188,1,0,0.0,43.0,0,0,,,104.22,0.0,521.1
19:48:00,19:49:00,1189,0,0,15.9,0.0,0,0,39.0,,104.22,0.0,700.5
19:49:00,19:50:00,1190,9,0,15.8,0.0,0,0,139.8,,104.22,0.0,657.4
19:50:00,19:51:00,1191,23,0,13.2,0.0,0,0,140.9,,104.22,0.0,729.0
19:51:00,19:52:00,1192,27,0,0.0,43.0,0,0,140.9,,104.22,0.0,573.7
19:52:00,19:53:00,1193,15,0,0.0,43.0,0,0,139.8,,104.22,0.0,509.9
19:53:00,19:54:00,1194,6,0,0.0,43.0,0,0,40.0,,104.22,0.0,557.1
19:54:00,19:55:00,1195,1,0,0.0,43.0,0,0,40.0,,104.22,0.0,617.9
19:55:00,19:56:00,1196,0,0,0.0,43.0,0,0,,,104.22,0.0,664.5
19:56:00,19:57:00,1197,0,0,0.0,93.5,0,0,,,104.22,0.0,563.0
19:57:00,19:58:00,1198,0,0,0.0,120.0,0,0,,168.0,104.22,0.0,450.1
19:58:00,19:59:00,1199,0,29,0.0,103.4,0,0,,150.0,104.22,0.0,526.4
19:59:00,20:00:00,1200,0,36,0.0,86.0,0,0,,150.0,104.22,0.0,485.4
20:00:00,20:01:00,1201,0,16,0.0,20.0,0,0,,75.89,102.5,0.0,418.8
20:01:00,20:02:00,1202,0,81,0.0,18.3,0,0,,73.88,102.5,0.0,436.2
20:02:00,20:03:00,1203,0,117,0.0,10.6,0,0,,74.78,102.5,0.0,627.7
20:03:00,20:04:00,1204,0,103,0.0,39.0,0,0,,75.08,102.5,0.0,631.9
20:04:00,20:05:00,1205,0,70,0.0,0.0,0,0,,75.28,102.5,0.0,770.4
20:05:00,20:06:00,1206,0,50,0.0,0.0,0,0,,95.9,102.5,0.0,794.8
20:06:00,20:07:00,1207,0,15,0.0,0.0,0,0,,101.0,102.5,0.0,753.6
20:07:00,20:08:00,1208,0,3,0.0,5.2,0,0,,105.0,102.5,0.0,616.0
20:08:00,20:09:00,1209,0,7,0.0,19.8,0,0,,166.0,102.5,0.0,567.1
20:09:00,20:10:00,1210,0,21,0.0,16.9,0,0,,148.0,102.5,0.0,540.4
20:10:00,20:11:00,1211,0,25,0.0,25.6,0,0,,148.0,102.5,0.0,494.4
20:11:00,20:12:00,1212,0,26,0.0,32.4,0,0,,148.0,102.5,0.0,399.3
20:12:00,20:13:00,1213,0,42,0.0,78.3,0,0,,95.9,102.5,0.0,308.5
20:13:00,20:14:00,1214,0,60,0.0,87.4,0,0,,75.28,102.5,0.0,227.9
20:14:00,20:15:00,1215,0,87,0.0,60.9,0,0,,75.08,102.5,0.0,149.1
20:15:00,20:16:00,1216,0,95,0.0,18.6,0,0,,74.4,94.5,0.0,344.0
20:16:00,20:17:00,1217,0,91,0.0,0.0,0,0,,75.9,94.5,0.0,364.1
20:17:00,20:18:00,1218,0,97,0.0,0.0,0,0,,75.9,94.5,0.0,280.0
20:18:00,20:19:00,1219,0,118,0.0,0.0,0,0,,74.4,94.5,0.0,356.3
20:19:00,20:20:00,1220,0,109,0.0,0.0,0,0,,75.9,94.5,0.0,409.6
20:20:00,20:21:00,1221,0,71,0.0,0.0,0,0,,76.58,94.5,0.0,392.4
20:21:00,20:22:00,1222,0,47,0.0,39.8,0,0,,76.58,94.5,0.0,402.3
20:22:00,20:23:00,1223,0,26,0.0,22.6,0,0,,79.28,94.5,0.0,364.4
20:23:00,20:24:00,1224,0,60,0.0,0.0,0,0,,79.28,94.5,0.0,334.9
20:24:00,20:25:00,1225,0,80,0.0,1.2,0,0,,74.4,94.5,0.0,280.6
20:25:00,20:26:00,1226,0,109,0.0,0.9,0,0,,71.4,94.5,0.0,299.5
20:26:00,20:27:00,1227,0,147,0.0,0.0,0,0,,70.75,94.5,0.0,340.8
20:27:00,20:28:00,1228,0,175,0.0,9.4,0,0,,71.18,94.5,0.0,274.0
20:28:00,20:29:00,1229,0,206,0.0,13.3,0,0,,68.99,94.5,0.0,274.0
20:29:00,20:30:00,1230,0,228,0.0,14.8,0,0,,66.9,94.5,0.0,302.5
20:30:00,20:31:00,1231,0,237,0.0,25.0,0,0,,70.28,94.5,0.0,330.7
20:31:00,20:32:00,1232,0,233,0.0,15.4,0,0,,70.75,94.5,0.0,459.4
20:32:00,20:33:00,1233,0,204,0.0,48.3,0,0,,71.11,94.5,0.0,472.9
20:33:00,20:34:00,1234,0,149,0.0,66.7,0,0,,71.18,94.5,0.0,452.0
20:34:00,20:35:00,1235,0,108,0.0,62.3,0,0,,72.08,94.5,0.0,466.0
20:35:00,20:36:00,1236,0,99,0.0,27.6,0,0,,74.78,94.5,0.0,447.6
20:36:00,20:37:00,1237,0,93,0.0,42.6,0,0,,75.89,94.5,0.0,438.2
20:37:00,20:38:00,1238,0,111,0.0,30.6,0,0,,75.89,94.5,0.0,451.7
20:38:00,20:39:00,1239,0,138,0.0,23.2,0,0,,73.98,94.5,0.0,428.5
20:39:00,20:40:00,1240,0,163,0.0,19.5,0,0,,73.98,94.5,0.0,479.3
20:40:00,20:41:00,1241,0,173,0.0,16.6,0,0,,73.98,94.5,0.0,433.1
20:41:00,20:42:00,1242,0,195,0.0,6.2,0,0,,71.18,94.5,0.0,402.2
20:42:00,20:43:00,1243,0,218,0.0,0.0,0,0,,70.28,94.5,0.0,382.9
20:43:00,20:44:00,1244,0,230,0.0,1.1,0,0,,71.18,94.5,0.0,338.4
20:44:00,20:45:00,1245,0,243,0.0,3.1,0,0,,70.75,94.5,0.0,245.2
20:45:00,20:46:00,1246,0,258,0.0,0.0,0,0,,57.13,94.5,0.0,179.4
20:46:00,20:47:00,1247,0,259,0.0,65.8,0,0,,70.28,94.5,0.0,267.8
20:47:00,20:48:00,1248,0,252,0.0,151.5,0,0,,70.75,94.5,0.0,304.6
20:48:00,20:49:00,1249,0,219,0.0,110.0,0,0,,71.18,94.5,0.0,301.0
20:49:00,20:50:00,1250,0,200,0.0,10.8,0,0,,72.08,94.5,0.0,268.6
20:50:00,20:51:00,1251,0,196,0.0,1.9,0,0,,72.08,94.5,0.0,212.3
20:51:00,20:52:00,1252,0,203,0.0,0.0,0,0,,72.08,94.5,0.0,198.3
20:52:00,20:53:00,1253,0,219,0.0,0.0,0,0,,72.08,94.5,0.0,170.3
20:53:00,20:54:00,1254,0,221,0.0,0.0,0,0,,72.18,94.5,0.0,164.7
20:54:00,20:55:00,1255,0,230,0.0,0.0,0,0,,72.18,94.5,0.0,126.9
20:55:00,20:56:00,1256,0,237,0.0,0.0,0,0,,72.18,94.5,0.0,81.6
20:56:00,20:57:00,1257,0,238,0.0,0.0,0,0,,72.18,94.5,0.0,119.6
20:57:00,20:58:00,1258,0,214,0.0,30.5,0,0,,72.18,94.5,0.0,178.0
20:58:00,20:59:00,1259,0,151,0.0,0.0,0,0,,72.18,94.5,0.0,132.0
20:59:00,21:00:00,1260,0,91,43.0,0.0,0,0,,72.98,94.5,0.0,121.4
21:00:00,21:01:00,1261,1,55,0.0,1.0,0,0,39.0,,94.5,0.0,103.3
21:01:00,21:02:00,1262,28,17,8.3,0.0,0,0,140.9,,94.5,0.0,322.0
21:02:00,21:03:00,1263,75,0,20.3,0.0,0,0,163.0,,94.5,0.0,263.1
21:03:00,21:04:00,1264,119,0,11.2,0.0,0,0,163.0,,94.5,0.0,320.4
21:04:00,21:05:00,1265,166,0,23.4,0.0,0,0,163.0,,94.5,0.0,304.4
21:05:00,21:06:00,1266,206,0,12.1,0.0,0,0,163.0,,94.5,0.0,350.7
21:06:00,21:07:00,1267,221,0,5.4,0.0,0,0,163.0,,94.5,0.0,339.1
21:07:00,21:08:00,1268,219,0,2.2,0.0,0,0,163.0,,94.5,0.0,436.7
21:08:00,21:09:00,1269,230,0,15.0,0.0,0,0,163.0,,94.5,0.0,389.5
21:09:00,21:10:00,1270,237,0,6.8,0.0,0,0,180.0,,94.5,0.0,399.0
21:10:00,21:11:00,1271,242,0,13.1,0.0,0,0,163.0,,94.5,0.0,466.8
21:11:00,21:12:00,1272,249,0,42.5,0.0,0,0,163.0,,94.5,0.0,493.9
21:12:00,21:13:00,1273,250,0,35.8,0.0,0,0,170.0,,94.5,0.0,591.0
21:13:00,21:14:00,1274,252,0,34.3,0.0,0,0,172.6,,94.5,0.0,599.0
21:14:00,21:15:00,1275,253,0,55.9,0.0,0,0,172.6,,94.5,0.0,663.4
21:15:00,21:16:00,1276,251,0,23.6,0.0,0,0,163.0,,94.5,0.0,690.6
21:16:00,21:17:00,1277,258,0,7.5,0.0,0,0,200.0,,94.5,0.0,681.9
21:17:00,21:18:00,1278,261,0,7.2,0.0,0,0,170.0,,94.5,0.0,725.5
21:18:00,21:19:00,1279,268,0,2.2,0.0,0,0,315.0,,94.5,0.0,752.8
21:19:00,21:20:00,1280,274,0,14.1,0.0,0,0,172.6,,94.5,0.0,780.3
21:20:00,21:21:00,1281,278,0,7.0,0.0,0,0,172.6,,94.5,0.0,838.9
21:21:00,21:22:00,1282,279,0,6.2,0.0,0,0,172.6,,94.5,0.0,884.4
21:22:00,21:23:00,1283,277,0,0.0,0.0,0,0,172.6,,94.5,0.0,947.9
21:23:00,21:24:00,1284,275,0,0.0,39.0,0,0,172.6,,94.5,0.0,927.3
21:24:00,21:25:00,1285,260,0,0.0,83.3,0,0,170.0,,94.5,0.0,917.4
21:25:00,21:26:00,1286,240,0,0.0,68.2,0,0,170.0,,94.5,0.0,902.1
21:26:00,21:27:00,1287,205,0,0.0,187.0,0,0,170.0,,94.5,0.0,785.4
21:27:00,21:28:00,1288,161,0,0.0,208.9,0,0,163.0,,94.5,0.0,809.1
21:28:00,21:29:00,1289,123,0,0.0,166.4,0,0,150.0,,94.5,0.0,833.7
21:29:00,21:30:00,1290,87,0,0.0,202.8,0,0,140.9,,94.5,0.0,792.5
21:30:00,21:31:00,1291,51,12,0.0,5.0,0,0,,76.09,94.5,0.0,552.5
21:31:00,21:32:00,1292,32,81,0.0,9.0,0,0,,70.75,94.5,0.0,547.5
21:32:00,21:33:00,1293,19,118,0.0,2.0,0,0,,69.09,94.5,0.0,554.5
21:33:00,21:34:00,1294,7,128,0.0,39.0,0,0,,70.75,94.5,0.0,518.5
21:34:00,21:35:00,1295,0,90,0.0,52.0,0,0,,72.08,94.5,0.0,505.5
21:35:00,21:36:00,1296,0,64,0.0,26.0,0,0,,76.09,94.5,0.0,531.5
21:36:00,21:37:00,1297,0,61,0.0,24.0,0,0,,76.19,94.5,0.0,533.5
21:37:00,21:38:00,1298,0,83,0.0,24.0,0,0,,76.09,94.5,0.0,533.5
21:38:00,21:39:00,1299,0,107,0.0,24.0,0,0,,72.79,94.5,0.0,533.5
21:39:00,21:40:00,1300,0,116,0.0,24.0,0,0,,75.75,94.5,0.0,533.5
21:40:00,21:41:00,1301,0,122,0.0,20.0,0,0,,76.09,94.5,0.0,535.5
21:41:00,21:42:00,1302,0,122,0.0,11.3,0,0,,76.09,94.5,0.0,545.2
21:42:00,21:43:00,1303,0,114,0.0,0.0,0,0,,76.19,94.5,0.0,557.5
21:43:00,21:44:00,1304,0,110,0.0,0.0,0,0,,76.19,94.5,0.0,555.5
21:44:00,21:45:00,1305,0,117,0.0,0.0,0,0,,76.09,94.5,0.0,506.4
21:45:00,21:46:00,1306,0,130,0.0,0.0,0,0,,66.58,94.5,0.0,290.0
21:46:00,21:47:00,1307,0,170,0.0,0.0,0,0,,61.3,94.5,0.0,283.0
21:47:00,21:48:00,1308,0,195,0.0,0.0,0,0,,63.37,94.5,0.0,275.0
21:48:00,21:49:00,1309,0,206,0.0,0.0,0,0,,65.75,94.5,0.0,268.0
21:49:00,21:50:00,1310,0,195,0.0,0.0,0,0,,66.58,94.5,0.0,238.2
21:50:00,21:51:00,1311,0,186,0.0,0.0,0,0,,68.89,94.5,0.0,178.1
21:51:00,21:52:00,1312,0,178,0.0,0.0,0,0,,69.09,94.5,0.0,156.4
21:52:00,21:53:00,1313,0,185,0.0,0.0,0,0,,68.89,94.5,0.0,246.4
21:53:00,21:54:00,1314,0,185,0.0,0.0,0,0,,68.89,94.5,0.0,177.4
21:54:00,21:55:00,1315,0,198,0.0,0.0,0,0,,66.58,94.5,0.0,177.9
21:55:00,21:56:00,1316,0,213,0.0,0.0,0,0,,66.58,94.5,0.0,137.8
21:56:00,21:57:00,1317,0,237,0.0,0.0,0,0,,61.3,94.5,0.0,43.9
21:57:00,21:58:00,1318,0,242,0.0,0.0,0,0,,63.55,94.5,0.0,53.7
21:58:00,21:59:00,1319,0,255,0.0,0.0,0,0,,65.75,94.5,0.0,16.0
21:59:00,22:00:00,1320,0,255,0.0,0.0,0,0,,66.48,94.5,0.0,8.5
22:00:00,22:01:00,1321,0,243,0.0,0.0,0,0,,62.97,94.5,0.0,29.0
22:01:00,22:02:00,1322,0,215,0.0,0.0,0,0,,62.97,94.5,0.0,29.0
22:02:00,22:03:00,1323,0,160,22.3,0.0,0,0,,62.97,94.5,0.0,28.0
22:03:00,22:04:00,1324,0,91,0.0,0.0,0,0,,62.97,94.5,0.0,29.0
22:04:00,22:05:00,1325,0,51,0.0,0.0,0,0,,62.97,94.5,0.0,29.0
22:05:00,22:06:00,1326,0,15,10.2,0.0,0,0,,73.88,94.5,0.0,40.2
22:06:00,22:07:00,1327,0,2,0.0,0.0,0,0,,101.0,94.5,0.0,30.0
22:07:00,22:08:00,1328,0,15,0.0,0.0,0,0,,132.0,94.5,0.0,30.0
22:08:00,22:09:00,1329,0,38,0.0,0.0,0,0,,101.0,94.5,0.0,30.0
22:09:00,22:10:00,1330,0,45,0.0,0.0,0,0,,99.0,94.5,0.0,30.0
22:10:00,22:11:00,1331,0,47,0.0,0.0,0,0,,101.0,94.5,0.0,15.6
22:11:00,22:12:00,1332,0,56,0.0,0.0,0,0,,78.75,94.5,0.0,31.1
22:12:00,22:13:00,1333,0,53,0.0,0.0,0,0,,101.0,94.5,0.0,38.0
22:13:00,22:14:00,1334,0,56,0.0,0.0,0,0,,101.0,94.5,0.0,39.4
22:14:00,22:15:00,1335,0,58,0.0,0.0,0,0,,101.0,94.5,0.0,22.4
22:15:00,22:16:00,1336,0,57,0.0,0.0,0,0,,101.0,94.5,0.0,68.0
22:16:00,22:17:00,1337,0,62,0.0,0.0,0,0,,89.0,94.5,0.0,68.0
22:17:00,22:18:00,1338,0,60,0.0,0.0,0,0,,100.0,94.5,0.0,68.0
22:18:00,22:19:00,1339,0,58,0.0,0.0,0,0,,100.0,94.5,0.0,64.4
22:19:00,22:20:00,1340,0,54,0.0,0.0,0,0,,101.0,94.5,0.0,59.4
22:20:00,22:21:00,1341,0,54,0.0,0.0,0,0,,89.0,94.5,0.0,55.4
22:21:00,22:22:00,1342,0,58,0.0,0.0,0,0,,99.0,94.5,0.0,55.4
22:22:00,22:23:00,1343,0,72,0.0,0.0,0,0,,76.09,94.5,0.0,55.4
22:23:00,22:24:00,1344,0,76,0.0,0.0,0,0,,78.75,94.5,0.0,55.4
22:24:00,22:25:00,1345,0,68,0.0,0.0,0,0,,99.0,94.5,0.0,55.4
22:25:00,22:26:00,1346,0,71,0.0,0.0,0,0,,99.0,94.5,0.0,55.4
22:26:00,22:27:00,1347,0,69,0.0,0.0,0,0,,99.0,94.5,0.0,55.4
22:27:00,22:28:00,1348,0,68,0.0,0.0,0,0,,99.0,94.5,0.0,55.4
22:28:00,22:29:00,1349,0,65,0.0,0.0,0,0,,99.0,94.5,0.0,55.4
22:29:00,22:30:00,1350,0,60,0.0,0.0,0,0,,99.0,94.5,0.0,55.4
22:30:00,22:31:00,1351,0,56,0.0,0.0,0,0,,101.0,94.5,0.0,107.8
22:31:00,22:32:00,1352,2,15,0.6,0.0,0,0,39.0,101.0,94.5,0.0,108.4
22:32:00,22:33:00,1353,0,10,3.1,0.0,0,0,,101.0,94.5,0.0,110.9
22:33:00,22:34:00,1354,0,5,0.0,0.0,0,0,,102.0,94.5,0.0,107.8
22:34:00,22:35:00,1355,0,11,0.0,0.0,0,0,,102.0,94.5,0.0,107.8
22:35:00,22:36:00,1356,0,17,0.0,0.0,0,0,,105.0,94.5,0.0,107.8
22:36:00,22:37:00,1357,0,28,0.0,0.0,0,0,,101.0,94.5,0.0,107.8
22:37:00,22:38:00,1358,0,22,0.0,0.0,0,0,,109.0,94.5,0.0,107.8
22:38:00,22:39:00,1359,0,37,0.0,0.0,0,0,,101.0,94.5,0.0,107.8
22:39:00,22:40:00,1360,0,44,0.0,0.0,0,0,,100.0,94.5,0.0,107.8
22:40:00,22:41:00,1361,0,64,0.0,0.0,0,0,,75.89,94.5,0.0,107.8
22:41:00,22:42:00,1362,0,89,0.0,0.0,0,0,,75.89,94.5,0.0,107.8
22:42:00,22:43:00,1363,0,99,0.0,0.0,0,0,,75.99,94.5,0.0,107.8
22:43:00,22:44:00,1364,0,105,0.0,0.0,0,0,,75.99,94.5,0.0,107.8
22:44:00,22:45:00,1365,0,103,0.0,0.0,0,0,,76.09,94.5,0.0,107.8
22:45:00,22:46:00,1366,0,100,0.0,0.0,0,0,,75.75,94.5,0.0,130.0
22:46:00,22:47:00,1367,0,105,0.0,0.0,0,0,,73.84,94.5,0.0,130.0
22:47:00,22:48:00,1368,0,111,0.0,0.0,0,0,,73.84,94.5,0.0,130.0
22:48:00,22:49:00,1369,0,110,0.0,0.0,0,0,,73.84,94.5,0.0,130.0
22:49:00,22:50:00,1370,0,107,0.0,0.0,0,0,,74.78,94.5,0.0,130.0
22:50:00,22:51:00,1371,0,106,0.0,0.0,0,0,,74.78,94.5,0.0,130.0
22:51:00,22:52:00,1372,0,110,0.0,0.0,0,0,,73.84,94.5,0.0,130.0
22:52:00,22:53:00,1373,0,117,0.0,0.0,0,0,,73.84,94.5,0.0,130.0
22:53:00,22:54:00,1374,0,124,0.0,0.0,0,0,,73.84,94.5,0.0,130.0
22:54:00,22:55:00,1375,0,138,0.0,0.0,0,0,,72.08,94.5,0.0,130.0
22:55:00,22:56:00,1376,0,156,0.0,0.0,0,0,,69.34,94.5,0.0,130.0
22:56:00,22:57:00,1377,0,163,0.0,0.0,0,0,,71.18,94.5,0.0,130.0
22:57:00,22:58:00,1378,0,178,0.0,0.0,0,0,,69.34,94.5,0.0,130.0
22:58:00,22:59:00,1379,0,179,0.0,0.0,0,0,,70.75,94.5,0.0,130.0
22:59:00,23:00:00,1380,0,189,0.0,0.0,0,0,,64.84,94.5,0.0,130.0
23:00:00,23:01:00,1381,0,210,0.0,0.0,0,0,,57.13,94.5,0.0,0.0
23:01:00,23:02:00,1382,0,287,0.0,0.0,0,0,,18.0,94.5,0.0,0.0
23:02:00,23:03:00,1383,0,399,0.0,0.0,0,0,,18.0,94.5,0.0,0.0
23:03:00,23:04:00,1384,0,493,0.0,0.0,0,0,,9.9,94.5,0.0,0.0
23:04:00,23:05:00,1385,0,581,0.0,0.0,0,0,,9.8,94.5,0.0,0.0
23:05:00,23:06:00,1386,0,635,0.0,0.0,0,0,,9.9,94.5,0.0,0.0
23:06:00,23:07:00,1387,0,589,0.0,0.0,0,0,,9.9,94.5,0.0,0.0
23:07:00,23:08:00,1388,0,531,0.0,0.0,0,0,,10.28,94.5,0.0,0.0
23:08:00,23:09:00,1389,0,463,0.0,0.0,0,0,,20.75,94.5,0.0,0.0
23:09:00,23:10:00,1390,0,384,0.0,0.0,0,0,,20.75,94.5,0.0,0.0
23:10:00,23:11:00,1391,0,288,0.0,0.0,0,0,,25.75,94.5,0.0,0.0
23:11:00,23:12:00,1392,0,200,0.0,0.0,0,0,,50.37,94.5,0.2,0.0
23:12:00,23:13:00,1393,0,153,0.0,0.0,0,0,,65.75,94.5,0.0,0.0
23:13:00,23:14:00,1394,0,153,0.0,0.0,0,0,,71.21,94.5,0.0,0.0
23:14:00,23:15:00,1395,0,174,0.0,0.0,0,0,,71.18,94.5,0.0,0.0
23:15:00,23:16:00,1396,0,186,0.0,0.0,0,0,,70.75,94.5,0.0,0.0
23:16:00,23:17:00,1397,0,209,0.0,0.0,0,0,,64.58,94.5,0.0,0.0
23:17:00,23:18:00,1398,0,250,0.0,0.0,0,0,,50.37,94.5,0.0,0.0
23:18:00,23:19:00,1399,0,292,0.0,0.0,0,0,,51.05,94.5,0.0,0.0
23:19:00,23:20:00,1400,0,340,0.0,0.0,0,0,,46.27,94.5,0.0,0.0
23:20:00,23:21:00,1401,0,369,0.0,0.0,0,0,,48.79,94.5,0.0,0.0
23:21:00,23:22:00,1402,0,375,0.0,0.0,0,0,,50.75,94.5,0.0,0.0
23:22:00,23:23:00,1403,0,363,0.0,0.0,0,0,,53.03,94.5,0.0,0.0
23:23:00,23:24:00,1404,0,347,0.0,0.0,0,0,,55.75,94.5,0.0,0.0
23:24:00,23:25:00,1405,0,330,0.0,0.0,0,0,,56.26,94.5,0.0,0.0
23:25:00,23:26:00,1406,0,308,0.0,0.0,0,0,,56.26,94.5,26.6,0.0
23:26:00,23:27:00,1407,0,283,0.0,0.0,0,0,,57.13,94.5,0.0,0.0
23:27:00,23:28:00,1408,0,264,0.0,0.0,0,0,,59.47,94.5,1.9,0.0
23:28:00,23:29:00,1409,0,248,0.0,0.0,0,0,,62.68,94.5,64.3,0.0
23:29:00,23:30:00,1410,0,240,0.0,0.0,0,0,,68.38,94.5,69.2,0.0
23:30:00,23:31:00,1411,0,240,0.0,0.0,0,0,,68.99,94.5,10.3,0.0
23:31:00,23:32:00,1412,0,243,0.0,0.0,0,0,,68.38,94.5,35.4,0.0
23:32:00,23:33:00,1413,0,242,0.0,0.0,0,0,,68.99,94.5,0.0,0.0
23:33:00,23:34:00,1414,0,238,0.0,0.0,0,0,,68.99,94.5,0.0,0.0
23:34:00,23:35:00,1415,0,233,0.0,0.0,0,0,,68.99,94.5,0.0,0.0
23:35:00,23:36:00,1416,0,220,0.0,0.0,0,0,,70.28,94.5,0.0,0.0
23:36:00,23:37:00,1417,0,212,0.0,0.0,0,0,,70.28,94.5,0.0,0.0
23:37:00,23:38:00,1418,0,197,0.0,0.0,0,0,,71.11,94.5,0.0,0.0
23:38:00,23:39:00,1419,0,200,0.0,0.0,0,0,,70.75,94.5,0.0,0.0
23:39:00,23:40:00,1420,0,225,0.0,0.0,0,0,,60.75,94.5,0.0,0.0
23:40:00,23:41:00,1421,0,246,0.0,0.0,0,0,,60.75,94.5,0.0,0.0
23:41:00,23:42:00,1422,0,266,0.0,0.0,0,0,,60.18,94.5,0.0,0.0
23:42:00,23:43:00,1423,0,273,0.0,0.0,0,0,,60.75,94.5,0.0,0.0
23:43:00,23:44:00,1424,0,280,0.0,0.0,0,0,,60.75,94.5,0.0,0.0
23:44:00,23:45:00,1425,0,285,0.0,0.0,0,0,,60.75,94.5,0.0,0.0
23:45:00,23:46:00,1426,0,298,0.0,0.0,0,0,,57.13,94.5,0.0,0.0
23:46:00,23:47:00,1427,0,312,0.0,0.0,0,0,,56.37,94.5,0.0,0.0
23:47:00,23:48:00,1428,0,321,0.0,0.0,0,0,,57.13,94.5,0.0,0.0
23:48:00,23:49:00,1429,0,325,0.0,0.0,0,0,,57.13,94.5,0.0,0.0
23:49:00,23:50:00,1430,0,326,0.0,0.0,0,0,,57.13,94.5,0.0,0.0
23:50:00,23:51:00,1431,0,330,0.0,0.0,0,0,,57.13,94.5,0.0,0.0
23:51:00,23:52:00,1432,0,327,0.0,0.0,0,0,,57.13,94.5,0.0,0.0
23:52:00,23:53:00,1433,0,318,0.0,0.0,0,0,,57.53,94.5,0.0,0.0
23:53:00,23:54:00,1434,0,312,0.0,0.0,0,0,,58.59,94.5,0.0,0.0
23:54:00,23:55:00,1435,0,300,0.0,0.0,0,0,,58.59,94.5,0.0,0.0
23:55:00,23:56:00,1436,0,294,0.0,0.0,0,0,,58.59,94.5,0.0,0.0
23:56:00,23:57:00,1437,0,286,0.0,0.0,0,0,,60.75,94.5,0.0,0.0
23:57:00,23:58:00,1438,0,277,0.0,0.0,0,0,,60.78,94.5,0.0,0.0
23:58:00,23:59:00,1439,0,254,0.0,0.0,0,0,,62.68,94.5,0.0,0.0
23:59:00,00:00:00,1440,0,216,0.0,0.0,0,0,,62.68,94.5,0.0,0.0
